datetime,equity,position
2024-09-18 09:00:00,62500.0,0
2024-09-18 10:00:00,62500.0,0
2024-09-18 11:00:00,62500.0,0
2024-09-18 12:00:00,62500.0,0
2024-09-18 13:00:00,62500.0,0
2024-09-19 09:00:00,62500.0,0
2024-09-19 10:00:00,62500.0,0
2024-09-19 11:00:00,62500.0,0
2024-09-19 12:00:00,62500.0,0
2024-09-19 13:00:00,62500.0,0
2024-09-20 09:00:00,62500.0,0
2024-09-20 10:00:00,62500.0,0
2024-09-20 11:00:00,62500.0,0
2024-09-20 12:00:00,62500.0,0
2024-09-20 13:00:00,62500.0,0
2024-09-23 09:00:00,62500.0,0
2024-09-23 10:00:00,62500.0,0
2024-09-23 11:00:00,62500.0,0
2024-09-23 12:00:00,62500.0,0
2024-09-23 13:00:00,62500.0,0
2024-09-24 09:00:00,62500.0,0
2024-09-24 10:00:00,62500.0,0
2024-09-24 11:00:00,62500.0,3
2024-09-24 12:00:00,62805.9912109375,3
2024-09-24 13:00:00,61690.0,3
2024-09-25 09:00:00,64767.99560546875,3
2024-09-25 10:00:00,65676.982421875,3
2024-09-25 11:00:00,64875.9912109375,3
2024-09-25 12:00:00,64668.98681640625,3
2024-09-25 13:00:00,64488.98681640625,3
2024-09-26 09:00:00,64785.9912109375,3
2024-09-26 10:00:00,64506.982421875,3
2024-09-26 11:00:00,64857.99560546875,3
2024-09-26 12:00:00,64722.99560546875,3
2024-09-26 13:00:00,64812.99560546875,3
2024-09-27 09:00:00,65451.982421875,3
2024-09-27 10:00:00,65397.99560546875,3
2024-09-27 11:00:00,65830.0,3
2024-09-27 12:00:00,65541.982421875,3
2024-09-27 13:00:00,65028.98681640625,3
2024-09-30 09:00:00,63862.97662194824,0
2024-09-30 10:00:00,63862.97662194824,0
2024-09-30 11:00:00,63862.97662194824,0
2024-09-30 12:00:00,63862.97662194824,0
2024-09-30 13:00:00,63862.97662194824,0
2024-10-01 09:00:00,63862.97662194824,0
2024-10-01 10:00:00,63862.97662194824,0
2024-10-01 11:00:00,63862.97662194824,0
2024-10-01 12:00:00,63862.97662194824,0
2024-10-01 13:00:00,63862.97662194824,0
2024-10-02 09:00:00,63862.97662194824,0
2024-10-02 10:00:00,63862.97662194824,0
2024-10-02 11:00:00,63862.97662194824,0
2024-10-02 12:00:00,63862.97662194824,0
2024-10-02 13:00:00,63862.97662194824,0
2024-10-03 09:00:00,63862.97662194824,0
2024-10-03 10:00:00,63862.97662194824,0
2024-10-03 11:00:00,63862.97662194824,0
2024-10-03 12:00:00,63862.97662194824,0
2024-10-03 13:00:00,63862.97662194824,0
2024-10-04 09:00:00,63862.97662194824,0
2024-10-04 10:00:00,63862.97662194824,0
2024-10-04 11:00:00,63862.97662194824,0
2024-10-04 12:00:00,63862.97662194824,4
2024-10-04 13:00:00,64390.98443444824,4
2024-10-07 09:00:00,60932.31873449707,0
2024-10-07 10:00:00,60932.31873449707,0
2024-10-07 11:00:00,60932.31873449707,0
2024-10-07 12:00:00,60932.31873449707,0
2024-10-07 13:00:00,60932.31873449707,0
2024-10-08 09:00:00,60932.31873449707,0
2024-10-08 10:00:00,60932.31873449707,0
2024-10-08 11:00:00,60932.31873449707,0
2024-10-08 12:00:00,60932.31873449707,0
2024-10-08 13:00:00,60932.31873449707,0
2024-10-09 09:00:00,60932.31873449707,0
2024-10-09 10:00:00,60932.31873449707,0
2024-10-09 11:00:00,60932.31873449707,0
2024-10-09 12:00:00,60932.31873449707,0
2024-10-09 13:00:00,60932.31873449707,0
2024-10-10 09:00:00,60932.31873449707,0
2024-10-10 10:00:00,60932.31873449707,0
2024-10-10 11:00:00,60932.31873449707,0
2024-10-10 12:00:00,60932.31873449707,0
2024-10-10 13:00:00,60932.31873449707,0
2024-10-11 09:00:00,60932.31873449707,0
2024-10-11 10:00:00,60932.31873449707,0
2024-10-11 11:00:00,60932.31873449707,0
2024-10-11 12:00:00,60932.31873449707,0
2024-10-11 13:00:00,60932.31873449707,0
2024-10-14 09:00:00,60932.31873449707,0
2024-10-14 10:00:00,60932.31873449707,3
2024-10-14 11:00:00,60977.31873449707,3
2024-10-14 12:00:00,61301.30555090332,3
2024-10-14 13:00:00,61283.30994543457,3
2024-10-15 09:00:00,60266.30555090332,3
2024-10-15 10:00:00,60572.31873449707,3
2024-10-15 11:00:00,60005.31433996582,3
2024-10-15 12:00:00,59906.30555090332,3
2024-10-15 13:00:00,59685.307356445315,0
2024-10-16 09:00:00,59685.307356445315,3
2024-10-16 10:00:00,59703.302961914065,3
2024-10-16 11:00:00,59613.302961914065,3
2024-10-16 12:00:00,59586.320540039065,3
2024-10-16 13:00:00,59838.302961914065,3
2024-10-17 09:00:00,60981.320540039065,3
2024-10-17 10:00:00,60855.307356445315,3
2024-10-17 11:00:00,60432.311750976565,3
2024-10-17 12:00:00,60630.307356445315,3
2024-10-17 13:00:00,61035.307356445315,3
2024-10-18 09:00:00,62907.311750976565,3
2024-10-18 10:00:00,63195.307356445315,3
2024-10-18 11:00:00,63375.307356445315,3
2024-10-18 12:00:00,63393.302961914065,3
2024-10-18 13:00:00,63492.311750976565,3
2024-10-21 09:00:00,64824.316145507815,3
2024-10-21 10:00:00,65211.320540039065,3
2024-10-21 11:00:00,65310.307356445315,3
2024-10-21 12:00:00,65184.316145507815,3
2024-10-21 13:00:00,64707.311750976565,3
2024-10-22 09:00:00,64914.316145507815,3
2024-10-22 10:00:00,64995.307356445315,3
2024-10-22 11:00:00,65220.307356445315,3
2024-10-22 12:00:00,65517.311750976565,3
2024-10-22 13:00:00,65148.302961914065,3
2024-10-23 09:00:00,65877.31175097657,3
2024-10-23 10:00:00,65904.31614550782,3
2024-10-23 11:00:00,66525.30735644532,3
2024-10-23 12:00:00,66849.31614550782,3
2024-10-23 13:00:00,66993.30296191407,3
2024-10-24 09:00:00,64396.254831481936,0
2024-10-24 10:00:00,64396.254831481936,0
2024-10-24 11:00:00,64396.254831481936,0
2024-10-24 12:00:00,64396.254831481936,0
2024-10-24 13:00:00,64396.254831481936,0
2024-10-25 09:00:00,64396.254831481936,0
2024-10-25 10:00:00,64396.254831481936,0
2024-10-25 11:00:00,64396.254831481936,0
2024-10-25 12:00:00,64396.254831481936,0
2024-10-25 13:00:00,64396.254831481936,0
2024-10-28 09:00:00,64396.254831481936,0
2024-10-28 10:00:00,64396.254831481936,0
2024-10-28 11:00:00,64396.254831481936,0
2024-10-28 12:00:00,64396.254831481936,0
2024-10-28 13:00:00,64396.254831481936,0
2024-10-29 09:00:00,64396.254831481936,0
2024-10-29 10:00:00,64396.254831481936,0
2024-10-29 11:00:00,64396.254831481936,0
2024-10-29 12:00:00,64396.254831481936,0
2024-10-29 13:00:00,64396.254831481936,0
2024-10-30 09:00:00,64396.254831481936,3
2024-10-30 10:00:00,64288.259226013186,3
2024-10-30 11:00:00,64153.259226013186,3
2024-10-30 12:00:00,64243.259226013186,3
2024-10-30 13:00:00,64585.263620544436,3
2024-10-31 09:00:00,64567.268015075686,3
2024-10-31 10:00:00,64765.263620544436,3
2024-10-31 11:00:00,64549.272409606936,3
2024-10-31 12:00:00,64540.263620544436,3
2024-10-31 13:00:00,64612.268015075686,3
2024-11-01 09:00:00,61295.202709533696,0
2024-11-01 10:00:00,61295.202709533696,0
2024-11-01 11:00:00,61295.202709533696,0
2024-11-01 12:00:00,61295.202709533696,0
2024-11-01 13:00:00,61295.202709533696,0
2024-11-04 09:00:00,61295.202709533696,0
2024-11-04 10:00:00,61295.202709533696,0
2024-11-04 11:00:00,61295.202709533696,0
2024-11-04 12:00:00,61295.202709533696,0
2024-11-04 13:00:00,61295.202709533696,0
2024-11-05 09:00:00,61295.202709533696,0
2024-11-05 10:00:00,61295.202709533696,0
2024-11-05 11:00:00,61295.202709533696,0
2024-11-05 12:00:00,61295.202709533696,0
2024-11-05 13:00:00,61295.202709533696,0
2024-11-06 09:00:00,61295.202709533696,0
2024-11-06 10:00:00,61295.202709533696,0
2024-11-06 11:00:00,61295.202709533696,0
2024-11-06 12:00:00,61295.202709533696,0
2024-11-06 13:00:00,61295.202709533696,0
2024-11-07 09:00:00,61295.202709533696,0
2024-11-07 10:00:00,61295.202709533696,0
2024-11-07 11:00:00,61295.202709533696,0
2024-11-07 12:00:00,61295.202709533696,0
2024-11-07 13:00:00,61295.202709533696,0
2024-11-08 09:00:00,61295.202709533696,0
2024-11-08 10:00:00,61295.202709533696,0
2024-11-08 11:00:00,61295.202709533696,0
2024-11-08 12:00:00,61295.202709533696,0
2024-11-08 13:00:00,61295.202709533696,0
2024-11-11 09:00:00,61295.202709533696,0
2024-11-11 10:00:00,61295.202709533696,0
2024-11-11 11:00:00,61295.202709533696,0
2024-11-11 12:00:00,61295.202709533696,0
2024-11-11 13:00:00,61295.202709533696,0
2024-11-12 09:00:00,61295.202709533696,0
2024-11-12 10:00:00,61295.202709533696,0
2024-11-12 11:00:00,61295.202709533696,0
2024-11-12 12:00:00,61295.202709533696,0
2024-11-12 13:00:00,61295.202709533696,0
2024-11-13 09:00:00,61295.202709533696,0
2024-11-13 10:00:00,61295.202709533696,0
2024-11-13 11:00:00,61295.202709533696,0
2024-11-13 12:00:00,61295.202709533696,0
2024-11-13 13:00:00,61295.202709533696,0
2024-11-14 09:00:00,61295.202709533696,0
2024-11-14 10:00:00,61295.202709533696,0
2024-11-14 11:00:00,61295.202709533696,0
2024-11-14 12:00:00,61295.202709533696,0
2024-11-14 13:00:00,61295.202709533696,0
2024-11-15 09:00:00,61295.202709533696,0
2024-11-15 10:00:00,61295.202709533696,0
2024-11-15 11:00:00,61295.202709533696,0
2024-11-15 12:00:00,61295.202709533696,0
2024-11-15 13:00:00,61295.202709533696,0
2024-11-18 09:00:00,61295.202709533696,0
2024-11-18 10:00:00,61295.202709533696,0
2024-11-18 11:00:00,61295.202709533696,0
2024-11-18 12:00:00,61295.202709533696,0
2024-11-18 13:00:00,61295.202709533696,0
2024-11-19 09:00:00,61295.202709533696,2
2024-11-19 10:00:00,61571.208568908696,2
2024-11-19 11:00:00,61647.204662658696,2
2024-11-19 12:00:00,61591.208568908696,2
2024-11-19 13:00:00,61571.208568908696,2
2024-11-20 09:00:00,62219.206615783696,2
2024-11-20 10:00:00,62243.200756408696,2
2024-11-20 11:00:00,62155.202709533696,2
2024-11-20 12:00:00,62099.206615783696,2
2024-11-20 13:00:00,62115.202709533696,2
2024-11-21 09:00:00,62747.204662658696,2
2024-11-21 10:00:00,62759.206615783696,2
2024-11-21 11:00:00,62883.200756408696,2
2024-11-21 12:00:00,62899.206615783696,2
2024-11-21 13:00:00,62883.200756408696,2
2024-11-22 09:00:00,63711.208568908696,2
2024-11-22 10:00:00,64047.204662658696,2
2024-11-22 11:00:00,64051.208568908696,2
2024-11-22 12:00:00,64115.202709533696,2
2024-11-22 13:00:00,64047.204662658696,2
2024-11-25 09:00:00,64635.202709533696,2
2024-11-25 10:00:00,64387.204662658696,2
2024-11-25 11:00:00,63457.8676626587,0
2024-11-25 12:00:00,63457.8676626587,0
2024-11-25 13:00:00,63457.8676626587,0
2024-11-26 09:00:00,63457.8676626587,0
2024-11-26 10:00:00,63457.8676626587,0
2024-11-26 11:00:00,63457.8676626587,0
2024-11-26 12:00:00,63457.8676626587,0
2024-11-26 13:00:00,63457.8676626587,0
2024-11-27 09:00:00,63457.8676626587,0
2024-11-27 10:00:00,63457.8676626587,0
2024-11-27 11:00:00,63457.8676626587,0
2024-11-27 12:00:00,63457.8676626587,0
2024-11-27 13:00:00,63457.8676626587,0
2024-11-28 09:00:00,63457.8676626587,0
2024-11-28 10:00:00,63457.8676626587,0
2024-11-28 11:00:00,63457.8676626587,0
2024-11-28 12:00:00,63457.8676626587,0
2024-12-02 09:00:00,63457.8676626587,0
2024-12-02 10:00:00,63457.8676626587,0
2024-12-02 11:00:00,63457.8676626587,0
2024-12-02 12:00:00,63457.8676626587,0
2024-12-02 13:00:00,63457.8676626587,0
2024-12-03 09:00:00,63457.8676626587,0
2024-12-03 10:00:00,63457.8676626587,0
2024-12-03 11:00:00,63457.8676626587,0
2024-12-03 12:00:00,63457.8676626587,0
2024-12-03 13:00:00,63457.8676626587,0
2024-12-04 09:00:00,63457.8676626587,0
2024-12-04 10:00:00,63457.8676626587,0
2024-12-04 11:00:00,63457.8676626587,0
2024-12-04 12:00:00,63457.8676626587,0
2024-12-04 13:00:00,63457.8676626587,1
2024-12-05 09:00:00,63448.8686392212,1
2024-12-05 10:00:00,63445.86815093995,1
2024-12-05 11:00:00,63468.8686392212,1
2024-12-05 12:00:00,63446.86912750245,1
2024-12-05 13:00:00,63515.86815093995,1
2024-12-06 09:00:00,63141.208025939944,0
2024-12-06 10:00:00,63141.208025939944,0
2024-12-06 11:00:00,63141.208025939944,0
2024-12-06 12:00:00,63141.208025939944,0
2024-12-06 13:00:00,63141.208025939944,0
2024-12-09 09:00:00,63141.208025939944,0
2024-12-09 10:00:00,63141.208025939944,0
2024-12-09 11:00:00,63141.208025939944,0
2024-12-09 12:00:00,63141.208025939944,0
2024-12-09 13:00:00,63141.208025939944,0
2024-12-10 09:00:00,63141.208025939944,1
2024-12-10 10:00:00,63154.208514221194,1
2024-12-10 11:00:00,63165.207049377444,1
2024-12-10 12:00:00,63173.207537658694,1
2024-12-10 13:00:00,63151.208025939944,1
2024-12-11 09:00:00,63562.206561096194,1
2024-12-11 10:00:00,63599.208514221194,1
2024-12-11 11:00:00,63614.208514221194,1
2024-12-11 12:00:00,63601.208025939944,1
2024-12-11 13:00:00,63516.208025939944,1
2024-12-12 09:00:00,63753.207537658694,1
2024-12-12 10:00:00,63698.207537658694,1
2024-12-12 11:00:00,63721.208025939944,1
2024-12-12 12:00:00,63720.207049377444,1
2024-12-12 13:00:00,63723.207537658694,1
2024-12-13 09:00:00,63378.207537658694,1
2024-12-13 10:00:00,63331.208025939944,1
2024-12-13 11:00:00,63341.208025939944,1
2024-12-13 12:00:00,63334.208514221194,1
2024-12-13 13:00:00,63324.53123919678,0
2024-12-16 09:00:00,63324.53123919678,0
2024-12-16 10:00:00,63324.53123919678,0
2024-12-16 11:00:00,63324.53123919678,0
2024-12-16 12:00:00,63324.53123919678,0
2024-12-16 13:00:00,63324.53123919678,0
2024-12-17 09:00:00,63324.53123919678,0
2024-12-17 10:00:00,63324.53123919678,0
2024-12-17 11:00:00,63324.53123919678,0
2024-12-17 12:00:00,63324.53123919678,0
2024-12-17 13:00:00,63324.53123919678,0
2024-12-18 09:00:00,63324.53123919678,0
2024-12-18 10:00:00,63324.53123919678,0
2024-12-18 11:00:00,63324.53123919678,0
2024-12-18 12:00:00,63324.53123919678,0
2024-12-18 13:00:00,63324.53123919678,0
2024-12-19 09:00:00,63324.53123919678,0
2024-12-19 10:00:00,63324.53123919678,0
2024-12-19 11:00:00,63324.53123919678,0
2024-12-19 12:00:00,63324.53123919678,0
2024-12-19 13:00:00,63324.53123919678,0
2024-12-20 09:00:00,63324.53123919678,0
2024-12-20 10:00:00,63324.53123919678,0
2024-12-20 11:00:00,63324.53123919678,0
2024-12-20 12:00:00,63324.53123919678,0
2024-12-20 13:00:00,63324.53123919678,0
2024-12-23 09:00:00,63324.53123919678,0
2024-12-23 10:00:00,63324.53123919678,0
2024-12-23 11:00:00,63324.53123919678,0
2024-12-23 12:00:00,63324.53123919678,0
2024-12-23 13:00:00,63324.53123919678,0
2024-12-24 09:00:00,63324.53123919678,0
2024-12-24 10:00:00,63324.53123919678,0
2024-12-24 11:00:00,63324.53123919678,0
2024-12-24 12:00:00,63324.53123919678,0
2024-12-26 13:00:00,63324.53123919678,0
2024-12-27 09:00:00,63324.53123919678,3
2024-12-27 10:00:00,63369.53123919678,3
2024-12-27 11:00:00,63495.52245013428,3
2024-12-27 12:00:00,63306.51366107178,3
2024-12-27 13:00:00,63045.52245013428,3
2024-12-30 09:00:00,62149.53978063965,0
2024-12-30 10:00:00,62149.53978063965,0
2024-12-30 11:00:00,62149.53978063965,0
2024-12-30 12:00:00,62149.53978063965,0
2024-12-30 13:00:00,62149.53978063965,0
2024-12-31 09:00:00,62149.53978063965,0
2024-12-31 10:00:00,62149.53978063965,0
2024-12-31 11:00:00,62149.53978063965,0
2024-12-31 12:00:00,62149.53978063965,0
2024-12-31 13:00:00,62149.53978063965,0
2025-01-02 13:00:00,62149.53978063965,0
2025-01-03 09:00:00,62149.53978063965,2
2025-01-03 10:00:00,62277.53782751465,2
2025-01-03 11:00:00,62301.53196813965,2
2025-01-03 12:00:00,62317.53782751465,2
2025-01-03 13:00:00,62177.53782751465,2
2025-01-06 09:00:00,61364.206821289066,0
2025-01-06 10:00:00,61364.206821289066,0
2025-01-06 11:00:00,61364.206821289066,0
2025-01-06 12:00:00,61364.206821289066,0
2025-01-06 13:00:00,61364.206821289066,0
2025-01-07 09:00:00,61364.206821289066,0
2025-01-07 10:00:00,61364.206821289066,0
2025-01-07 11:00:00,61364.206821289066,0
2025-01-07 12:00:00,61364.206821289066,0
2025-01-07 13:00:00,61364.206821289066,0
2025-01-08 09:00:00,61364.206821289066,0
2025-01-08 10:00:00,61364.206821289066,0
2025-01-08 11:00:00,61364.206821289066,0
2025-01-08 12:00:00,61364.206821289066,0
2025-01-08 13:00:00,61364.206821289066,0
2025-01-09 09:00:00,61364.206821289066,0
2025-01-09 10:00:00,61364.206821289066,0
2025-01-09 11:00:00,61364.206821289066,0
2025-01-09 12:00:00,61364.206821289066,0
2025-01-09 13:00:00,61364.206821289066,0
2025-01-10 09:00:00,61364.206821289066,3
2025-01-10 10:00:00,61562.202426757816,3
2025-01-10 11:00:00,61643.193637695316,3
2025-01-10 12:00:00,61463.193637695316,3
2025-01-10 13:00:00,61823.193637695316,3
2025-01-13 09:00:00,63326.189243164066,3
2025-01-13 10:00:00,63425.198032226566,3
2025-01-13 11:00:00,63236.189243164066,3
2025-01-13 12:00:00,63101.189243164066,3
2025-01-13 13:00:00,63146.189243164066,3
2025-01-14 09:00:00,60630.19187121582,0
2025-01-14 10:00:00,60630.19187121582,0
2025-01-14 11:00:00,60630.19187121582,0
2025-01-14 12:00:00,60630.19187121582,0
2025-01-14 13:00:00,60630.19187121582,0
2025-01-15 09:00:00,60630.19187121582,0
2025-01-15 10:00:00,60630.19187121582,0
2025-01-15 11:00:00,60630.19187121582,0
2025-01-15 12:00:00,60630.19187121582,0
2025-01-15 13:00:00,60630.19187121582,0
2025-01-16 09:00:00,60630.19187121582,2
2025-01-16 10:00:00,60594.19577746582,2
2025-01-16 11:00:00,60646.19773059082,2
2025-01-16 12:00:00,60654.19577746582,2
2025-01-16 13:00:00,60526.19773059082,2
2025-01-17 09:00:00,61386.19773059082,2
2025-01-17 10:00:00,61398.19968371582,2
2025-01-17 11:00:00,61414.19577746582,2
2025-01-17 12:00:00,61338.19968371582,2
2025-01-17 13:00:00,61178.19968371582,2
2025-01-20 09:00:00,61034.19577746582,2
2025-01-20 10:00:00,61118.19968371582,2
2025-01-20 11:00:00,61330.19187121582,2
2025-01-20 12:00:00,61434.19577746582,2
2025-01-21 13:00:00,61286.19773059082,2
2025-01-22 09:00:00,62042.19382434082,2
2025-01-22 10:00:00,62106.19773059082,2
2025-01-22 11:00:00,62190.19187121582,2
2025-01-22 12:00:00,62254.19577746582,2
2025-01-22 13:00:00,62414.19577746582,2
2025-01-23 09:00:00,61990.19187121582,2
2025-01-23 10:00:00,62018.19968371582,2
2025-01-23 11:00:00,61938.19968371582,2
2025-01-23 12:00:00,61938.19968371582,2
2025-01-23 13:00:00,61962.19382434082,2
2025-01-24 09:00:00,62362.19382434082,2
2025-01-24 10:00:00,62786.19773059082,2
2025-01-24 11:00:00,62750.19187121582,2
2025-01-24 12:00:00,62718.19968371582,2
2025-01-24 13:00:00,62822.19382434082,2
2025-01-27 09:00:00,62246.19773059082,2
2025-01-27 10:00:00,61984.815027465826,0
2025-01-27 11:00:00,61984.815027465826,0
2025-01-27 12:00:00,61984.815027465826,0
2025-01-27 13:00:00,61984.815027465826,0
2025-01-28 09:00:00,61984.815027465826,0
2025-01-28 10:00:00,61984.815027465826,0
2025-01-28 11:00:00,61984.815027465826,0
2025-01-28 12:00:00,61984.815027465826,0
2025-01-28 13:00:00,61984.815027465826,0
2025-01-29 09:00:00,61984.815027465826,0
2025-01-29 10:00:00,61984.815027465826,0
2025-01-29 11:00:00,61984.815027465826,0
2025-01-29 12:00:00,61984.815027465826,0
2025-01-29 13:00:00,61984.815027465826,0
2025-01-30 09:00:00,61984.815027465826,0
2025-01-30 10:00:00,61984.815027465826,0
2025-01-30 11:00:00,61984.815027465826,0
2025-01-30 12:00:00,61984.815027465826,0
2025-01-30 13:00:00,61984.815027465826,0
2025-01-31 09:00:00,61984.815027465826,2
2025-01-31 10:00:00,61939.38496813965,0
2025-01-31 11:00:00,61939.38496813965,0
2025-01-31 12:00:00,61939.38496813965,0
2025-01-31 13:00:00,61939.38496813965,0
2025-02-03 09:00:00,61939.38496813965,0
2025-02-03 10:00:00,61939.38496813965,0
2025-02-03 11:00:00,61939.38496813965,0
2025-02-03 12:00:00,61939.38496813965,0
2025-02-03 13:00:00,61939.38496813965,0
2025-02-04 09:00:00,61939.38496813965,1
2025-02-04 10:00:00,61901.3844798584,1
2025-02-04 11:00:00,61887.3854564209,1
2025-02-04 12:00:00,61872.3854564209,1
2025-02-04 13:00:00,61845.38594470215,1
2025-02-05 09:00:00,62116.3844798584,1
2025-02-05 10:00:00,62179.38496813965,1
2025-02-05 11:00:00,62194.38496813965,1
2025-02-05 12:00:00,62212.3854564209,1
2025-02-05 13:00:00,62240.38594470215,1
2025-02-06 09:00:00,62274.38496813965,1
2025-02-06 10:00:00,62259.38496813965,1
2025-02-06 11:00:00,62239.38496813965,1
2025-02-06 12:00:00,62242.3854564209,1
2025-02-06 13:00:00,62241.3844798584,1
2025-02-07 09:00:00,62264.38496813965,1
2025-02-07 10:00:00,62279.38496813965,1
2025-02-07 11:00:00,62264.38496813965,1
2025-02-07 12:00:00,62255.38594470215,1
2025-02-07 13:00:00,62217.3854564209,1
2025-02-10 09:00:00,62344.38496813965,1
2025-02-10 10:00:00,62377.3854564209,1
2025-02-10 11:00:00,62387.3854564209,1
2025-02-10 12:00:00,62409.38496813965,1
2025-02-10 13:00:00,62428.38399157715,1
2025-02-11 09:00:00,62960.38594470215,1
2025-02-11 10:00:00,62826.3844798584,1
2025-02-11 11:00:00,62815.38594470215,1
2025-02-11 12:00:00,62794.38496813965,1
2025-02-11 13:00:00,62852.3854564209,1
2025-02-12 09:00:00,62572.655256408696,0
2025-02-12 10:00:00,62572.655256408696,0
2025-02-12 11:00:00,62572.655256408696,0
2025-02-12 12:00:00,62572.655256408696,0
2025-02-12 13:00:00,62572.655256408696,0
2025-02-13 09:00:00,62572.655256408696,0
2025-02-13 10:00:00,62572.655256408696,0
2025-02-13 11:00:00,62572.655256408696,0
2025-02-13 12:00:00,62572.655256408696,0
2025-02-13 13:00:00,62572.655256408696,0
2025-02-14 09:00:00,62572.655256408696,0
2025-02-14 10:00:00,62572.655256408696,0
2025-02-14 11:00:00,62572.655256408696,0
2025-02-14 12:00:00,62572.655256408696,0
2025-02-14 13:00:00,62572.655256408696,0
2025-02-17 09:00:00,62572.655256408696,0
2025-02-17 10:00:00,62572.655256408696,0
2025-02-17 11:00:00,62572.655256408696,0
2025-02-17 12:00:00,62572.655256408696,0
2025-02-18 13:00:00,62572.655256408696,0
2025-02-19 09:00:00,62572.655256408696,0
2025-02-19 10:00:00,62572.655256408696,0
2025-02-19 11:00:00,62572.655256408696,0
2025-02-19 12:00:00,62572.655256408696,0
2025-02-19 13:00:00,62572.655256408696,0
2025-02-20 09:00:00,62572.655256408696,0
2025-02-20 10:00:00,62572.655256408696,0
2025-02-20 11:00:00,62572.655256408696,0
2025-02-20 12:00:00,62572.655256408696,0
2025-02-20 13:00:00,62572.655256408696,0
2025-02-21 09:00:00,62572.655256408696,0
2025-02-21 10:00:00,62572.655256408696,0
2025-02-21 11:00:00,62572.655256408696,0
2025-02-21 12:00:00,62572.655256408696,0
2025-02-21 13:00:00,62572.655256408696,0
2025-02-24 09:00:00,62572.655256408696,0
2025-02-24 10:00:00,62572.655256408696,0
2025-02-24 11:00:00,62572.655256408696,0
2025-02-24 12:00:00,62572.655256408696,0
2025-02-24 13:00:00,62572.655256408696,0
2025-02-25 09:00:00,62572.655256408696,2
2025-02-25 10:00:00,62532.655256408696,2
2025-02-25 11:00:00,62200.653303283696,2
2025-02-25 12:00:00,62056.649397033696,2
2025-02-25 13:00:00,62080.653303283696,2
2025-02-26 09:00:00,61167.18404705811,0
2025-02-26 10:00:00,61167.18404705811,0
2025-02-26 11:00:00,61167.18404705811,0
2025-02-26 12:00:00,61167.18404705811,0
2025-02-26 13:00:00,61167.18404705811,0
2025-02-27 09:00:00,61167.18404705811,0
2025-02-27 10:00:00,61167.18404705811,0
2025-02-27 11:00:00,61167.18404705811,0
2025-02-27 12:00:00,61167.18404705811,0
2025-02-27 13:00:00,61167.18404705811,0
2025-02-28 09:00:00,61167.18404705811,0
2025-02-28 10:00:00,61167.18404705811,0
2025-02-28 11:00:00,61167.18404705811,0
2025-02-28 12:00:00,61167.18404705811,0
2025-02-28 13:00:00,61167.18404705811,0
2025-03-03 09:00:00,61167.18404705811,0
2025-03-03 10:00:00,61167.18404705811,0
2025-03-03 11:00:00,61167.18404705811,0
2025-03-03 12:00:00,61167.18404705811,0
2025-03-03 13:00:00,61167.18404705811,0
2025-03-04 09:00:00,61167.18404705811,0
2025-03-04 10:00:00,61167.18404705811,0
2025-03-04 11:00:00,61167.18404705811,0
2025-03-04 12:00:00,61167.18404705811,0
2025-03-04 13:00:00,61167.18404705811,0
2025-03-05 09:00:00,61167.18404705811,0
2025-03-05 10:00:00,61167.18404705811,0
2025-03-05 11:00:00,61167.18404705811,0
2025-03-05 12:00:00,61167.18404705811,0
2025-03-05 13:00:00,61167.18404705811,2
2025-03-06 09:00:00,61335.18209393311,2
2025-03-06 10:00:00,61395.18209393311,2
2025-03-06 11:00:00,61195.18209393311,2
2025-03-06 12:00:00,61079.17623455811,2
2025-03-06 13:00:00,61107.18404705811,2
2025-03-07 09:00:00,60603.18014080811,2
2025-03-07 10:00:00,60603.18014080811,2
2025-03-07 11:00:00,60503.18014080811,2
2025-03-07 12:00:00,60531.17818768311,2
2025-03-07 13:00:00,60687.18404705811,2
2025-03-10 09:00:00,60751.17818768311,2
2025-03-10 10:00:00,60719.17623455811,2
2025-03-10 11:00:00,60667.18404705811,2
2025-03-10 12:00:00,60683.18014080811,2
2025-03-10 13:00:00,60647.18404705811,2
2025-03-11 09:00:00,59701.73183770752,0
2025-03-11 10:00:00,59701.73183770752,0
2025-03-11 11:00:00,59701.73183770752,0
2025-03-11 12:00:00,59701.73183770752,0
2025-03-11 13:00:00,59701.73183770752,0
2025-03-12 09:00:00,59701.73183770752,0
2025-03-12 10:00:00,59701.73183770752,0
2025-03-12 11:00:00,59701.73183770752,0
2025-03-12 12:00:00,59701.73183770752,0
2025-03-12 13:00:00,59701.73183770752,0
2025-03-13 09:00:00,59701.73183770752,2
2025-03-13 10:00:00,59949.72988458252,2
2025-03-13 11:00:00,60037.72793145752,2
2025-03-13 12:00:00,59981.73183770752,2
2025-03-13 13:00:00,59825.72597833252,2
2025-03-14 09:00:00,61901.73183770752,2
2025-03-14 10:00:00,61725.72597833252,2
2025-03-14 11:00:00,61953.73379083252,2
2025-03-14 12:00:00,61789.72988458252,2
2025-03-14 13:00:00,61833.73379083252,2
2025-03-17 09:00:00,61781.73183770752,2
2025-03-17 10:00:00,61673.73379083252,2
2025-03-17 11:00:00,61681.73183770752,2
2025-03-17 12:00:00,61525.72597833252,2
2025-03-17 13:00:00,61645.72597833252,2
2025-03-18 09:00:00,62457.72793145752,2
2025-03-18 10:00:00,62661.73183770752,2
2025-03-18 11:00:00,62661.73183770752,2
2025-03-18 12:00:00,62789.72988458252,2
2025-03-18 13:00:00,62705.72597833252,2
2025-03-19 09:00:00,63325.72597833252,2
2025-03-19 10:00:00,63481.73183770752,2
2025-03-19 11:00:00,63653.73379083252,2
2025-03-19 12:00:00,63605.72597833252,2
2025-03-19 13:00:00,63905.72597833252,2
2025-03-20 09:00:00,64137.72793145752,2
2025-03-20 10:00:00,64017.72793145752,2
2025-03-20 11:00:00,64165.72597833252,2
2025-03-20 12:00:00,64261.73183770752,2
2025-03-20 13:00:00,64061.73183770752,2
2025-03-21 09:00:00,63601.73183770752,2
2025-03-21 10:00:00,63589.72988458252,2
2025-03-21 11:00:00,63365.72597833252,2
2025-03-21 12:00:00,63349.72988458252,2
2025-03-21 13:00:00,63248.21033148193,0
2025-03-24 09:00:00,63248.21033148193,0
2025-03-24 10:00:00,63248.21033148193,0
2025-03-24 11:00:00,63248.21033148193,0
2025-03-24 12:00:00,63248.21033148193,0
2025-03-24 13:00:00,63248.21033148193,0
2025-03-25 09:00:00,63248.21033148193,0
2025-03-25 10:00:00,63248.21033148193,0
2025-03-25 11:00:00,63248.21033148193,0
2025-03-25 12:00:00,63248.21033148193,0
2025-03-25 13:00:00,63248.21033148193,0
2025-03-26 09:00:00,63248.21033148193,0
2025-03-26 10:00:00,63248.21033148193,0
2025-03-26 11:00:00,63248.21033148193,0
2025-03-26 12:00:00,63248.21033148193,0
2025-03-26 13:00:00,63248.21033148193,0
2025-03-27 09:00:00,63248.21033148193,0
2025-03-27 10:00:00,63248.21033148193,0
2025-03-27 11:00:00,63248.21033148193,0
2025-03-27 12:00:00,63248.21033148193,3
2025-03-27 13:00:00,62933.21033148193,3
2025-03-28 09:00:00,67289.20154241944,3
2025-03-28 10:00:00,66992.19714788819,3
2025-03-28 11:00:00,67442.19714788819,3
2025-03-28 12:00:00,67145.21472601319,3
2025-03-28 13:00:00,67541.20593695069,3
2025-03-31 09:00:00,71150.21472601319,3
2025-03-31 10:00:00,72158.21033148194,3
2025-03-31 11:00:00,72185.21472601319,3
2025-03-31 12:00:00,72734.20154241944,3
2025-03-31 13:00:00,73094.20154241944,3
2025-04-01 09:00:00,74606.20593695069,3
2025-04-01 10:00:00,75263.21033148194,3
2025-04-01 11:00:00,75488.21033148194,3
2025-04-01 12:00:00,75326.20593695069,3
2025-04-01 13:00:00,74165.21472601319,3
2025-04-02 09:00:00,74165.21472601319,3
2025-04-02 10:00:00,73868.21033148194,3
2025-04-02 11:00:00,73526.20593695069,3
2025-04-02 12:00:00,72860.21472601319,3
2025-04-02 13:00:00,72914.20154241944,3
2025-04-03 09:00:00,75695.21472601319,3
2025-04-03 10:00:00,74867.19714788819,3
2025-04-03 11:00:00,75002.19714788819,3
2025-04-03 12:00:00,74282.19714788819,3
2025-04-03 13:00:00,73535.21472601319,3
2025-04-04 09:00:00,71312.19714788819,3
2025-04-04 10:00:00,70208.87235644531,0
2025-04-04 11:00:00,70208.87235644531,0
2025-04-04 12:00:00,70208.87235644531,0
2025-04-04 13:00:00,70208.87235644531,0
2025-04-07 09:00:00,70208.87235644531,0
2025-04-07 10:00:00,70208.87235644531,0
2025-04-07 11:00:00,70208.87235644531,0
2025-04-07 12:00:00,70208.87235644531,0
2025-04-07 13:00:00,70208.87235644531,0
2025-04-08 09:00:00,70208.87235644531,0
2025-04-08 10:00:00,70208.87235644531,0
2025-04-08 11:00:00,70208.87235644531,0
2025-04-08 12:00:00,70208.87235644531,0
2025-04-08 13:00:00,70208.87235644531,0
2025-04-09 09:00:00,70208.87235644531,0
2025-04-09 10:00:00,70208.87235644531,0
2025-04-09 11:00:00,70208.87235644531,0
2025-04-09 12:00:00,70208.87235644531,0
2025-04-09 13:00:00,70208.87235644531,0
2025-04-10 09:00:00,70208.87235644531,0
2025-04-10 10:00:00,70208.87235644531,1
2025-04-10 11:00:00,70268.87235644531,1
2025-04-10 12:00:00,70269.87333300781,1
2025-04-10 13:00:00,70248.87235644531,1
2025-04-11 09:00:00,71117.87382128906,1
2025-04-11 10:00:00,71216.87284472656,1
2025-04-11 11:00:00,71224.87333300781,1
2025-04-11 12:00:00,71122.87382128906,1
2025-04-11 13:00:00,71006.87284472656,1
2025-04-14 09:00:00,71416.87284472656,1
2025-04-14 10:00:00,71334.87333300781,1
2025-04-14 11:00:00,71330.87430957031,1
2025-04-14 12:00:00,71278.87235644531,1
2025-04-14 13:00:00,71353.87235644531,1
2025-04-15 09:00:00,71248.87235644531,1
2025-04-15 10:00:00,71252.87382128906,1
2025-04-15 11:00:00,71303.87235644531,1
2025-04-15 12:00:00,71335.87430957031,1
2025-04-15 13:00:00,71258.87235644531,1
2025-04-16 09:00:00,71721.87284472656,1
2025-04-16 10:00:00,71696.87284472656,1
2025-04-16 11:00:00,71824.87333300781,1
2025-04-16 12:00:00,71859.87333300781,1
2025-04-16 13:00:00,71927.87382128906,1
2025-04-17 09:00:00,72224.87333300781,1
2025-04-17 10:00:00,72378.87235644531,1
2025-04-17 11:00:00,72414.87333300781,1
2025-04-17 12:00:00,72392.87382128906,1
2025-04-17 13:00:00,72277.87382128906,1
2025-04-21 09:00:00,72756.87284472656,1
2025-04-21 10:00:00,72820.87430957031,1
2025-04-21 11:00:00,72794.87333300781,1
2025-04-21 12:00:00,72740.87430957031,1
2025-04-21 13:00:00,72822.87382128906,1
2025-04-22 09:00:00,73480.87430957031,1
2025-04-22 10:00:00,73681.87284472656,1
2025-04-22 11:00:00,73830.87430957031,1
2025-04-22 12:00:00,73793.87235644531,1
2025-04-22 13:00:00,73890.87430957031,1
2025-04-23 09:00:00,72738.02662127685,0
2025-04-23 10:00:00,72738.02662127685,0
2025-04-23 11:00:00,72738.02662127685,0
2025-04-23 12:00:00,72738.02662127685,0
2025-04-23 13:00:00,72738.02662127685,0
2025-04-24 09:00:00,72738.02662127685,0
2025-04-24 10:00:00,72738.02662127685,0
2025-04-24 11:00:00,72738.02662127685,0
2025-04-24 12:00:00,72738.02662127685,0
2025-04-24 13:00:00,72738.02662127685,0
2025-04-25 09:00:00,72738.02662127685,0
2025-04-25 10:00:00,72738.02662127685,0
2025-04-25 11:00:00,72738.02662127685,0
2025-04-25 12:00:00,72738.02662127685,0
2025-04-25 13:00:00,72738.02662127685,0
2025-04-28 09:00:00,72738.02662127685,0
2025-04-28 10:00:00,72738.02662127685,0
2025-04-28 11:00:00,72738.02662127685,0
2025-04-28 12:00:00,72738.02662127685,0
2025-04-28 13:00:00,72738.02662127685,0
2025-04-29 09:00:00,72738.02662127685,0
2025-04-29 10:00:00,72738.02662127685,0
2025-04-29 11:00:00,72738.02662127685,0
2025-04-29 12:00:00,72738.02662127685,0
2025-04-29 13:00:00,72738.02662127685,0
2025-04-30 09:00:00,72738.02662127685,0
2025-04-30 10:00:00,72738.02662127685,0
2025-04-30 11:00:00,72738.02662127685,0
2025-04-30 12:00:00,72738.02662127685,0
2025-04-30 13:00:00,72738.02662127685,0
2025-05-01 09:00:00,72738.02662127685,0
2025-05-01 10:00:00,72738.02662127685,0
2025-05-01 11:00:00,72738.02662127685,0
2025-05-01 12:00:00,72738.02662127685,0
2025-05-01 13:00:00,72738.02662127685,0
2025-05-02 09:00:00,72738.02662127685,0
2025-05-02 10:00:00,72738.02662127685,0
2025-05-02 11:00:00,72738.02662127685,0
2025-05-02 12:00:00,72738.02662127685,0
2025-05-02 13:00:00,72738.02662127685,0
2025-05-05 09:00:00,72738.02662127685,0
2025-05-05 10:00:00,72738.02662127685,0
2025-05-05 11:00:00,72738.02662127685,0
2025-05-05 12:00:00,72738.02662127685,0
2025-05-05 13:00:00,72738.02662127685,0
2025-05-06 09:00:00,72738.02662127685,1
2025-05-06 10:00:00,72518.02662127685,1
2025-05-06 11:00:00,72533.02662127685,1
2025-05-06 12:00:00,72563.02662127685,1
2025-05-06 13:00:00,72542.0280861206,1
2025-05-07 09:00:00,72676.0271095581,1
2025-05-07 10:00:00,72831.0271095581,1
2025-05-07 11:00:00,72692.0280861206,1
2025-05-07 12:00:00,72751.0271095581,1
2025-05-07 13:00:00,72809.02759783935,1
2025-05-08 09:00:00,73007.0280861206,1
2025-05-08 10:00:00,72937.0280861206,1
2025-05-08 11:00:00,72891.0271095581,1
2025-05-08 12:00:00,72731.0271095581,1
2025-05-08 13:00:00,72459.02759783935,1
2025-05-09 09:00:00,71803.20264630126,0
2025-05-09 10:00:00,71803.20264630126,0
2025-05-09 11:00:00,71803.20264630126,0
2025-05-09 12:00:00,71803.20264630126,0
2025-05-09 13:00:00,71803.20264630126,0
2025-05-12 09:00:00,71803.20264630126,0
2025-05-12 10:00:00,71803.20264630126,0
2025-05-12 11:00:00,71803.20264630126,0
2025-05-12 12:00:00,71803.20264630126,0
2025-05-12 13:00:00,71803.20264630126,0
2025-05-13 09:00:00,71803.20264630126,0
2025-05-13 10:00:00,71803.20264630126,0
2025-05-13 11:00:00,71803.20264630126,0
2025-05-13 12:00:00,71803.20264630126,0
2025-05-13 13:00:00,71803.20264630126,0
2025-05-14 09:00:00,71803.20264630126,0
2025-05-14 10:00:00,71803.20264630126,0
2025-05-14 11:00:00,71803.20264630126,0
2025-05-14 12:00:00,71803.20264630126,0
2025-05-14 13:00:00,71803.20264630126,0
2025-05-15 09:00:00,71803.20264630126,0
2025-05-15 10:00:00,71803.20264630126,0
2025-05-15 11:00:00,71803.20264630126,0
2025-05-15 12:00:00,71803.20264630126,0
2025-05-15 13:00:00,71803.20264630126,0
2025-05-16 09:00:00,71803.20264630126,0
2025-05-16 10:00:00,71803.20264630126,0
2025-05-16 11:00:00,71803.20264630126,0
2025-05-16 12:00:00,71803.20264630126,0
2025-05-16 13:00:00,71803.20264630126,0
2025-05-19 09:00:00,71803.20264630126,0
2025-05-19 10:00:00,71803.20264630126,0
2025-05-19 11:00:00,71803.20264630126,0
2025-05-19 12:00:00,71803.20264630126,0
2025-05-19 13:00:00,71803.20264630126,0
2025-05-20 09:00:00,71803.20264630126,0
2025-05-20 10:00:00,71803.20264630126,0
2025-05-20 11:00:00,71803.20264630126,0
2025-05-20 12:00:00,71803.20264630126,0
2025-05-20 13:00:00,71803.20264630126,0
2025-05-21 09:00:00,71803.20264630126,1
2025-05-21 10:00:00,71878.20264630126,1
2025-05-21 11:00:00,71922.20166973876,1
2025-05-21 12:00:00,71877.20166973876,1
2025-05-21 13:00:00,72017.20166973876,1
2025-05-22 09:00:00,72225.20215802001,1
2025-05-22 10:00:00,72258.20264630126,1
2025-05-22 11:00:00,72201.20313458251,1
2025-05-22 12:00:00,72231.20313458251,1
2025-05-22 13:00:00,72170.20215802001,1
2025-05-23 09:00:00,71873.20264630126,1
2025-05-23 10:00:00,71790.20215802001,1
2025-05-23 11:00:00,71853.20264630126,1
2025-05-23 12:00:00,71965.20215802001,1
2025-05-23 13:00:00,72070.20215802001,1
2025-05-26 09:00:00,72268.20264630126,1
2025-05-26 10:00:00,72305.20215802001,1
2025-05-26 11:00:00,72293.20264630126,1
2025-05-26 12:00:00,72321.20313458251,1
2025-05-26 13:00:00,72300.20215802001,1
2025-05-27 09:00:00,72185.20215802001,1
2025-05-27 10:00:00,72257.20166973876,1
2025-05-27 11:00:00,72245.20215802001,1
2025-05-27 12:00:00,72138.20264630126,1
2025-05-27 13:00:00,72063.20264630126,1
2025-05-28 09:00:00,71830.37715802001,0
2025-05-28 10:00:00,71830.37715802001,0
2025-05-28 11:00:00,71830.37715802001,0
2025-05-28 12:00:00,71830.37715802001,0
2025-05-28 13:00:00,71830.37715802001,0
2025-05-29 09:00:00,71830.37715802001,0
2025-05-29 10:00:00,71830.37715802001,0
2025-05-29 11:00:00,71830.37715802001,0
2025-05-29 12:00:00,71830.37715802001,0
2025-05-29 13:00:00,71830.37715802001,0
2025-05-30 09:00:00,71830.37715802001,0
2025-05-30 10:00:00,71830.37715802001,0
2025-05-30 11:00:00,71830.37715802001,0
2025-05-30 12:00:00,71830.37715802001,0
2025-05-30 13:00:00,71830.37715802001,0
2025-06-02 09:00:00,71830.37715802001,0
2025-06-02 10:00:00,71830.37715802001,0
2025-06-02 11:00:00,71830.37715802001,0
2025-06-02 12:00:00,71830.37715802001,0
2025-06-02 13:00:00,71830.37715802001,1
2025-06-03 09:00:00,72325.37715802001,1
2025-06-03 10:00:00,72288.37764630126,1
2025-06-03 11:00:00,72223.37764630126,1
2025-06-03 12:00:00,72221.37569317626,1
2025-06-03 13:00:00,72250.37715802001,1
2025-06-04 09:00:00,72304.37618145751,1
2025-06-04 10:00:00,72246.37569317626,1
2025-06-04 11:00:00,72189.37618145751,1
2025-06-04 12:00:00,72136.37569317626,1
2025-06-04 13:00:00,72099.37618145751,1
2025-06-05 09:00:00,72325.37715802001,1
2025-06-05 10:00:00,72289.37618145751,1
2025-06-05 11:00:00,72288.37764630126,1
2025-06-05 12:00:00,72268.37764630126,1
2025-06-05 13:00:00,72225.37715802001,1
2025-06-06 09:00:00,72221.37569317626,1
2025-06-06 10:00:00,72219.37618145751,1
2025-06-06 11:00:00,72276.37569317626,1
2025-06-06 12:00:00,72315.37715802001,1
2025-06-06 13:00:00,72247.37666973876,1
2025-06-09 09:00:00,71502.54779473876,0
2025-06-09 10:00:00,71502.54779473876,0
2025-06-09 11:00:00,71502.54779473876,0
2025-06-09 12:00:00,71502.54779473876,0
2025-06-09 13:00:00,71502.54779473876,0
2025-06-10 09:00:00,71502.54779473876,0
2025-06-10 10:00:00,71502.54779473876,0
2025-06-10 11:00:00,71502.54779473876,0
2025-06-10 12:00:00,71502.54779473876,0
2025-06-10 13:00:00,71502.54779473876,0
2025-06-11 09:00:00,71502.54779473876,0
2025-06-11 10:00:00,71502.54779473876,0
2025-06-11 11:00:00,71502.54779473876,0
2025-06-11 12:00:00,71502.54779473876,0
2025-06-11 13:00:00,71502.54779473876,0
2025-06-12 09:00:00,71502.54779473876,0
2025-06-12 10:00:00,71502.54779473876,0
2025-06-12 11:00:00,71502.54779473876,0
2025-06-12 12:00:00,71502.54779473876,0
2025-06-12 13:00:00,71502.54779473876,0
2025-06-13 09:00:00,71502.54779473876,2
2025-06-13 10:00:00,72094.54974786376,2
2025-06-13 11:00:00,71470.54584161376,2
2025-06-13 12:00:00,71434.54974786376,2
2025-06-13 13:00:00,71430.54584161376,2
2025-06-16 09:00:00,71966.55170098876,2
2025-06-16 10:00:00,71862.54779473876,2
2025-06-16 11:00:00,71570.54584161376,2
2025-06-16 12:00:00,71402.54779473876,2
2025-06-16 13:00:00,71190.54584161376,2
2025-06-17 09:00:00,70036.84540093993,0
2025-06-17 10:00:00,70036.84540093993,0
2025-06-17 11:00:00,70036.84540093993,0
2025-06-17 12:00:00,70036.84540093993,0
2025-06-17 13:00:00,70036.84540093993,0
2025-06-18 09:00:00,70036.84540093993,0
2025-06-18 10:00:00,70036.84540093993,0
2025-06-18 11:00:00,70036.84540093993,0
2025-06-18 12:00:00,70036.84540093993,0
2025-06-18 13:00:00,70036.84540093993,0
2025-06-19 09:00:00,70036.84540093993,0
2025-06-19 10:00:00,70036.84540093993,0
2025-06-19 11:00:00,70036.84540093993,0
2025-06-19 12:00:00,70036.84540093993,0
2025-06-19 13:00:00,70036.84540093993,0
2025-06-20 09:00:00,70036.84540093993,0
2025-06-20 10:00:00,70036.84540093993,0
2025-06-20 11:00:00,70036.84540093993,0
2025-06-20 12:00:00,70036.84540093993,0
2025-06-20 13:00:00,70036.84540093993,0
2025-06-23 09:00:00,70036.84540093993,0
2025-06-23 10:00:00,70036.84540093993,0
2025-06-23 11:00:00,70036.84540093993,0
2025-06-23 12:00:00,70036.84540093993,0
2025-06-23 13:00:00,70036.84540093993,0
2025-06-24 09:00:00,70036.84540093993,0
2025-06-24 10:00:00,70036.84540093993,0
2025-06-24 11:00:00,70036.84540093993,0
2025-06-24 12:00:00,70036.84540093993,0
2025-06-24 13:00:00,70036.84540093993,0
2025-06-25 09:00:00,70036.84540093993,0
2025-06-25 10:00:00,70036.84540093993,0
2025-06-25 11:00:00,70036.84540093993,0
2025-06-25 12:00:00,70036.84540093993,0
2025-06-25 13:00:00,70036.84540093993,0
2025-06-26 09:00:00,70036.84540093993,0
2025-06-26 10:00:00,70036.84540093993,0
2025-06-26 11:00:00,70036.84540093993,0
2025-06-26 12:00:00,70036.84540093993,0
2025-06-26 13:00:00,70036.84540093993,0
2025-06-27 09:00:00,70036.84540093993,0
2025-06-27 10:00:00,70036.84540093993,0
2025-06-27 11:00:00,70036.84540093993,0
2025-06-27 12:00:00,70036.84540093993,0
2025-06-27 13:00:00,70036.84540093993,0
2025-06-30 09:00:00,70036.84540093993,0
2025-06-30 10:00:00,70036.84540093993,0
2025-06-30 11:00:00,70036.84540093993,0
2025-06-30 12:00:00,70036.84540093993,0
2025-06-30 13:00:00,70036.84540093993,0
2025-07-01 09:00:00,70036.84540093993,0
2025-07-01 10:00:00,70036.84540093993,0
2025-07-01 11:00:00,70036.84540093993,0
2025-07-01 12:00:00,70036.84540093993,0
2025-07-01 13:00:00,70036.84540093993,0
2025-07-02 09:00:00,70036.84540093993,0
2025-07-02 10:00:00,70036.84540093993,0
2025-07-02 11:00:00,70036.84540093993,0
2025-07-02 12:00:00,70036.84540093993,0
2025-07-02 13:00:00,70036.84540093993,0
2025-07-03 09:00:00,70036.84540093993,3
2025-07-03 10:00:00,70522.85858453368,3
2025-07-03 11:00:00,70225.85419000243,3
2025-07-04 12:00:00,69532.85858453368,3
2025-07-04 13:00:00,69334.84100640868,3
2025-07-07 09:00:00,67196.36021496581,0
2025-07-07 10:00:00,67196.36021496581,0
2025-07-07 11:00:00,67196.36021496581,0
2025-07-07 12:00:00,67196.36021496581,0
2025-07-07 13:00:00,67196.36021496581,0
2025-07-08 09:00:00,67196.36021496581,0
2025-07-08 10:00:00,67196.36021496581,0
2025-07-08 11:00:00,67196.36021496581,0
2025-07-08 12:00:00,67196.36021496581,0
2025-07-08 13:00:00,67196.36021496581,0
2025-07-09 09:00:00,67196.36021496581,0
2025-07-09 10:00:00,67196.36021496581,0
2025-07-09 11:00:00,67196.36021496581,0
2025-07-09 12:00:00,67196.36021496581,0
2025-07-09 13:00:00,67196.36021496581,0
2025-07-10 09:00:00,67196.36021496581,0
2025-07-10 10:00:00,67196.36021496581,0
2025-07-10 11:00:00,67196.36021496581,0
2025-07-10 12:00:00,67196.36021496581,0
2025-07-10 13:00:00,67196.36021496581,0
2025-07-11 09:00:00,67196.36021496581,0
2025-07-11 10:00:00,67196.36021496581,0
2025-07-11 11:00:00,67196.36021496581,0
2025-07-11 12:00:00,67196.36021496581,0
2025-07-11 13:00:00,67196.36021496581,0
2025-07-14 12:00:00,67196.36021496581,2
2025-07-14 13:00:00,67064.36802746581,2
2025-07-15 09:00:00,66452.36607434081,2
2025-07-15 10:00:00,66620.36412121581,2
2025-07-15 11:00:00,66912.36607434081,2
2025-07-15 12:00:00,67020.36412121581,2
2025-07-15 13:00:00,67092.36607434081,2
2025-07-16 09:00:00,65706.69176501464,0
2025-07-16 10:00:00,65706.69176501464,0
2025-07-16 11:00:00,65706.69176501464,0
2025-07-16 12:00:00,65706.69176501464,0
2025-07-16 13:00:00,65706.69176501464,0
2025-07-17 09:00:00,65706.69176501464,0
2025-07-17 10:00:00,65706.69176501464,0
2025-07-17 11:00:00,65706.69176501464,0
2025-07-17 12:00:00,65706.69176501464,0
2025-07-17 13:00:00,65706.69176501464,0
2025-07-18 09:00:00,65706.69176501464,0
2025-07-18 10:00:00,65706.69176501464,0
2025-07-18 11:00:00,65706.69176501464,0
2025-07-18 12:00:00,65706.69176501464,0
2025-07-18 13:00:00,65706.69176501464,0
2025-07-21 09:00:00,65706.69176501464,0
2025-07-21 10:00:00,65706.69176501464,0
2025-07-21 11:00:00,65706.69176501464,0
2025-07-21 12:00:00,65706.69176501464,0
2025-07-21 13:00:00,65706.69176501464,0
2025-07-22 09:00:00,65706.69176501464,2
2025-07-22 10:00:00,65898.69371813964,2
2025-07-22 11:00:00,65894.69957751464,2
2025-07-22 12:00:00,65850.69567126464,2
2025-07-22 13:00:00,65650.69567126464,2
2025-07-23 09:00:00,67074.69957751464,2
2025-07-23 10:00:00,67146.69176501464,2
2025-07-23 11:00:00,67170.69567126464,2
2025-07-23 12:00:00,67138.69371813964,2
2025-07-23 13:00:00,67030.69567126464,2
2025-07-24 09:00:00,65376.99531506346,0
2025-07-24 10:00:00,65376.99531506346,0
2025-07-24 11:00:00,65376.99531506346,0
2025-07-24 12:00:00,65376.99531506346,0
2025-07-24 13:00:00,65376.99531506346,0
2025-07-25 09:00:00,65376.99531506346,0
2025-07-25 10:00:00,65376.99531506346,0
2025-07-25 11:00:00,65376.99531506346,0
2025-07-25 12:00:00,65376.99531506346,0
2025-07-25 13:00:00,65376.99531506346,0
2025-07-28 09:00:00,65376.99531506346,0
2025-07-28 10:00:00,65376.99531506346,0
2025-07-28 11:00:00,65376.99531506346,0
2025-07-28 12:00:00,65376.99531506346,0
2025-07-28 13:00:00,65376.99531506346,0
2025-07-29 09:00:00,65376.99531506346,0
2025-07-29 10:00:00,65376.99531506346,0
2025-07-29 11:00:00,65376.99531506346,0
2025-07-29 12:00:00,65376.99531506346,0
2025-07-29 13:00:00,65376.99531506346,0
2025-07-30 09:00:00,65376.99531506346,0
2025-07-30 10:00:00,65376.99531506346,0
2025-07-30 11:00:00,65376.99531506346,0
2025-07-30 12:00:00,65376.99531506346,0
2025-07-30 13:00:00,65376.99531506346,0
2025-07-31 09:00:00,65376.99531506346,0
2025-07-31 10:00:00,65376.99531506346,0
2025-07-31 11:00:00,65376.99531506346,0
2025-07-31 12:00:00,65376.99531506346,0
2025-07-31 13:00:00,65376.99531506346,0
2025-08-01 09:00:00,65376.99531506346,0
2025-08-01 10:00:00,65376.99531506346,0
2025-08-01 11:00:00,65376.99531506346,0
2025-08-01 12:00:00,65376.99531506346,0
2025-08-01 13:00:00,65376.99531506346,0
2025-08-04 09:00:00,65376.99531506346,2
2025-08-04 10:00:00,65424.99336193846,2
2025-08-04 11:00:00,65668.99726818845,2
2025-08-04 12:00:00,65596.99531506345,2
2025-08-04 13:00:00,65536.99531506345,2
2025-08-05 09:00:00,66493.00117443845,2
2025-08-05 10:00:00,66293.00117443845,2
2025-08-05 11:00:00,66273.00117443845,2
2025-08-05 12:00:00,66168.99726818845,2
2025-08-05 13:00:00,66273.00117443845,2
2025-08-06 09:00:00,66424.99336193845,2
2025-08-06 10:00:00,66420.99922131345,2
2025-08-06 11:00:00,66356.99531506345,2
2025-08-06 12:00:00,66248.99726818845,2
2025-08-06 13:00:00,66316.99531506345,2
2025-08-07 09:00:00,66984.99336193845,2
2025-08-07 10:00:00,66816.99531506345,2
2025-08-07 11:00:00,66920.99922131345,2
2025-08-07 12:00:00,66968.99726818845,2
2025-08-07 13:00:00,66964.99336193845,2
2025-08-08 09:00:00,68696.99531506345,2
2025-08-08 10:00:00,68724.99336193845,2
2025-08-08 11:00:00,68733.00117443845,2
2025-08-08 12:00:00,68868.99726818845,2
2025-08-08 13:00:00,68653.00117443845,2
2025-08-11 09:00:00,66847.27421508788,0
2025-08-11 10:00:00,66847.27421508788,0
2025-08-11 11:00:00,66847.27421508788,0
2025-08-11 12:00:00,66847.27421508788,0
2025-08-11 13:00:00,66847.27421508788,0
2025-08-12 09:00:00,66847.27421508788,0
2025-08-12 10:00:00,66847.27421508788,0
2025-08-12 11:00:00,66847.27421508788,0
2025-08-12 12:00:00,66847.27421508788,0
2025-08-12 13:00:00,66847.27421508788,0
2025-08-13 09:00:00,66847.27421508788,0
2025-08-13 10:00:00,66847.27421508788,0
2025-08-13 11:00:00,66847.27421508788,0
2025-08-13 12:00:00,66847.27421508788,0
2025-08-13 13:00:00,66847.27421508788,0
2025-08-14 09:00:00,66847.27421508788,0
2025-08-14 10:00:00,66847.27421508788,0
2025-08-14 11:00:00,66847.27421508788,0
2025-08-14 12:00:00,66847.27421508788,0
2025-08-14 13:00:00,66847.27421508788,0
2025-08-15 09:00:00,66847.27421508788,0
2025-08-15 10:00:00,66847.27421508788,0
2025-08-15 11:00:00,66847.27421508788,0
2025-08-15 12:00:00,66847.27421508788,0
2025-08-15 13:00:00,66847.27421508788,0
2025-08-18 09:00:00,66847.27421508788,0
2025-08-18 10:00:00,66847.27421508788,0
2025-08-18 11:00:00,66847.27421508788,0
2025-08-18 12:00:00,66847.27421508788,0
2025-08-18 13:00:00,66847.27421508788,0
2025-08-19 09:00:00,66847.27421508788,0
2025-08-19 10:00:00,66847.27421508788,0
2025-08-19 11:00:00,66847.27421508788,0
2025-08-19 12:00:00,66847.27421508788,0
2025-08-19 13:00:00,66847.27421508788,0
2025-08-20 09:00:00,66847.27421508788,0
2025-08-20 10:00:00,66847.27421508788,0
2025-08-20 11:00:00,66847.27421508788,0
2025-08-20 12:00:00,66847.27421508788,0
2025-08-20 13:00:00,66847.27421508788,0
2025-08-21 09:00:00,66847.27421508788,0
2025-08-21 10:00:00,66847.27421508788,0
2025-08-21 11:00:00,66847.27421508788,0
2025-08-21 12:00:00,66847.27421508788,0
2025-08-21 13:00:00,66847.27421508788,0
2025-08-22 09:00:00,66847.27421508788,0
2025-08-22 10:00:00,66847.27421508788,0
2025-08-22 11:00:00,66847.27421508788,0
2025-08-22 12:00:00,66847.27421508788,0
2025-08-22 13:00:00,66847.27421508788,0
2025-08-25 09:00:00,66847.27421508788,3
2025-08-25 10:00:00,66991.26103149413,3
2025-08-25 11:00:00,67279.27860961913,3
2025-08-25 12:00:00,67081.26103149413,3
2025-08-25 13:00:00,66946.26103149413,3
2025-08-26 09:00:00,68350.26982055663,3
2025-08-26 10:00:00,68215.26982055663,3
2025-08-26 11:00:00,68026.26103149413,3
2025-08-26 12:00:00,68359.27860961913,3
2025-08-26 13:00:00,68323.26542602538,3
2025-08-27 09:00:00,69439.27860961913,3
2025-08-27 10:00:00,69178.26542602538,3
2025-08-27 11:00:00,68935.26982055663,3
2025-08-27 12:00:00,68485.26982055663,3
2025-08-27 13:00:00,68548.26542602538,3
2025-08-28 09:00:00,70069.27860961913,3
2025-08-28 10:00:00,70456.26103149413,3
2025-08-28 11:00:00,70204.27860961913,3
2025-08-28 12:00:00,70204.27860961913,3
2025-08-28 13:00:00,70285.26982055663,3
2025-08-29 09:00:00,72652.27421508788,3
2025-08-29 10:00:00,72571.26103149413,3
2025-08-29 11:00:00,72526.26103149413,3
2025-08-29 12:00:00,72409.27860961913,3
2025-08-29 13:00:00,72499.27860961913,3
2025-09-02 12:00:00,81076.26103149413,3
2025-09-02 13:00:00,80707.27421508788,3
2025-09-03 09:00:00,84505.26982055663,3
2025-09-03 10:00:00,83848.26542602538,3
2025-09-03 11:00:00,83839.27860961913,3
2025-09-03 12:00:00,84352.27421508788,3
2025-09-03 13:00:00,83704.27860961913,3
2025-09-04 09:00:00,84595.26982055663,3
2025-09-04 10:00:00,83173.26542602538,3
2025-09-04 11:00:00,83056.26103149413,3
2025-09-04 12:00:00,83263.26542602538,3
2025-09-04 13:00:00,82723.26542602538,3
2025-09-05 09:00:00,85144.27860961913,3
2025-09-05 10:00:00,85072.27421508788,3
2025-09-05 11:00:00,85783.26542602538,3
2025-09-05 12:00:00,85648.26542602538,3
2025-09-05 13:00:00,85738.26542602538,3
2025-09-08 09:00:00,86944.27860961913,3
2025-09-08 10:00:00,87106.26103149413,3
2025-09-08 11:00:00,86557.27421508788,3
2025-09-08 12:00:00,86251.26103149413,3
2025-09-08 13:00:00,87007.27421508788,3
2025-09-09 09:00:00,92038.26542602538,3
2025-09-09 10:00:00,92029.27860961913,3
2025-09-09 11:00:00,91813.26542602538,3
2025-09-09 12:00:00,92551.26103149413,3
2025-09-09 13:00:00,92686.26103149413,3
2025-09-10 09:00:00,90337.27421508788,3
2025-09-10 10:00:00,90805.26982055663,3
2025-09-10 11:00:00,90877.27421508788,3
2025-09-10 12:00:00,91345.26982055663,3
2025-09-10 13:00:00,91399.27860961913,3
2025-09-11 09:00:00,91273.26542602538,3
2025-09-11 10:00:00,90886.26103149413,3
2025-09-11 11:00:00,90418.26542602538,3
2025-09-11 12:00:00,90292.27421508788,3
2025-09-11 13:00:00,89815.26982055663,3
2025-09-12 09:00:00,91795.26982055663,3
2025-09-12 10:00:00,92128.26542602538,3
2025-09-12 11:00:00,92407.27421508788,3
2025-09-12 12:00:00,92560.26982055663,3
2025-09-12 13:00:00,92416.26103149413,3
2025-09-15 09:00:00,90601.50710656737,0
2025-09-15 10:00:00,90601.50710656737,0
2025-09-15 11:00:00,90601.50710656737,0
2025-09-15 12:00:00,90601.50710656737,0
2025-09-15 13:00:00,90601.50710656737,0
2025-09-16 09:00:00,90601.50710656737,3
2025-09-16 10:00:00,90349.50271203612,3
2025-09-16 11:00:00,90637.52029016112,3
2025-09-16 12:00:00,90907.52029016112,3
2025-09-16 13:00:00,90808.51150109862,3
2025-09-17 09:00:00,90511.50710656737,3
2025-09-17 10:00:00,90700.51589562987,3
2025-09-17 11:00:00,90646.50710656737,3
2025-09-17 12:00:00,90547.52029016112,3
2025-09-17 13:00:00,90484.50271203612,3
2025-09-18 09:00:00,88327.75084008787,0
2025-09-18 10:00:00,88327.75084008787,0
2025-09-18 11:00:00,88327.75084008787,0
2025-09-18 12:00:00,88327.75084008787,0
2025-09-18 13:00:00,88327.75084008787,0
2025-09-19 09:00:00,88327.75084008787,0
2025-09-19 10:00:00,88327.75084008787,0
2025-09-19 11:00:00,88327.75084008787,0
2025-09-19 12:00:00,88327.75084008787,0
2025-09-19 13:00:00,88327.75084008787,0
2025-09-22 09:00:00,88327.75084008787,0
2025-09-22 10:00:00,88327.75084008787,0
2025-09-22 11:00:00,88327.75084008787,0
2025-09-22 12:00:00,88327.75084008787,0
2025-09-22 13:00:00,88327.75084008787,0
2025-09-23 09:00:00,88327.75084008787,2
2025-09-23 10:00:00,87823.75669946287,2
2025-09-23 11:00:00,87935.75865258787,2
2025-09-23 12:00:00,87863.75669946287,2
2025-09-23 13:00:00,88199.75279321287,2
2025-09-24 09:00:00,88271.75474633787,2
2025-09-24 10:00:00,88315.75865258787,2
2025-09-24 11:00:00,88675.75865258787,2
2025-09-24 12:00:00,88735.75865258787,2
2025-09-24 13:00:00,89031.75474633787,2
2025-09-25 09:00:00,87383.75669946287,2
2025-09-25 10:00:00,87523.75669946287,2
2025-09-25 11:00:00,87391.75474633787,2
2025-09-25 12:00:00,87435.75865258787,2
2025-09-25 13:00:00,87463.75669946287,2
2025-09-26 09:00:00,87455.75865258787,2
2025-09-26 10:00:00,87423.75669946287,2
2025-09-26 11:00:00,87727.75084008787,2
2025-09-26 12:00:00,87795.75865258787,2
2025-09-26 13:00:00,87575.75865258787,2
2025-09-29 09:00:00,89031.75474633787,2
2025-09-29 10:00:00,89595.75865258787,2
2025-09-29 11:00:00,89651.75474633787,2
2025-09-29 12:00:00,90055.75865258787,2
2025-09-29 13:00:00,90383.75669946287,2
2025-09-30 09:00:00,91799.75279321287,2
2025-09-30 10:00:00,91771.75474633787,2
2025-09-30 11:00:00,92443.75669946287,2
2025-09-30 12:00:00,92507.75084008787,2
2025-09-30 13:00:00,92611.75474633787,2
2025-10-01 09:00:00,92571.75474633787,2
2025-10-01 10:00:00,92363.75669946287,2
2025-10-01 11:00:00,92299.75279321287,2
2025-10-01 12:00:00,92415.75865258787,2
2025-10-01 13:00:00,92343.75669946287,2
2025-10-02 09:00:00,92307.75084008787,2
2025-10-02 10:00:00,92355.75865258787,2
2025-10-02 11:00:00,92371.75474633787,2
2025-10-02 12:00:00,92279.75279321287,2
2025-10-02 13:00:00,92427.75084008787,2
2025-10-03 09:00:00,91999.75279321287,2
2025-10-03 10:00:00,91587.75084008787,2
2025-10-03 11:00:00,91333.82379943845,0
2025-10-03 12:00:00,91333.82379943845,0
2025-10-03 13:00:00,91333.82379943845,0
2025-10-06 09:00:00,91333.82379943845,2
2025-10-06 10:00:00,91445.82575256345,2
2025-10-06 11:00:00,91773.82379943845,2
2025-10-06 12:00:00,92129.81989318845,2
2025-10-06 13:00:00,91897.81794006345,2
2025-10-08 09:00:00,94537.81794006345,2
2025-10-08 10:00:00,94957.81794006345,2
2025-10-08 11:00:00,95065.82575256345,2
2025-10-08 12:00:00,95561.82184631345,2
2025-10-08 13:00:00,95677.81794006345,2
2025-10-09 09:00:00,95217.81794006345,2
2025-10-09 10:00:00,95137.81794006345,2
2025-10-09 11:00:00,95401.82184631345,2
2025-10-09 12:00:00,95901.82184631345,2
2025-10-09 13:00:00,95929.81989318845,2
2025-10-10 09:00:00,93107.82399011229,0
2025-10-10 10:00:00,93107.82399011229,0
2025-10-10 11:00:00,93107.82399011229,0
2025-10-10 12:00:00,93107.82399011229,0
2025-10-10 13:00:00,93107.82399011229,0
2025-10-13 09:00:00,93107.82399011229,1
2025-10-13 10:00:00,93048.82496667479,1
2025-10-13 11:00:00,93089.82350183104,1
2025-10-13 12:00:00,93123.82496667479,1
2025-10-13 13:00:00,93213.82496667479,1
2025-10-14 09:00:00,93928.82496667479,1
2025-10-14 10:00:00,94013.82496667479,1
2025-10-14 11:00:00,94140.82203698729,1
2025-10-14 12:00:00,94197.82399011229,1
2025-10-14 13:00:00,93740.82203698729,1
2025-10-15 09:00:00,94394.82594323729,1
2025-10-15 10:00:00,94340.82203698729,1
2025-10-15 11:00:00,94447.82399011229,1
2025-10-15 12:00:00,94375.82203698729,1
2025-10-15 13:00:00,94427.82399011229,1
2025-10-16 09:00:00,94825.82203698729,1
2025-10-16 10:00:00,94917.82399011229,1
2025-10-16 11:00:00,94879.82594323729,1
2025-10-16 12:00:00,94854.82594323729,1
2025-10-16 13:00:00,94572.82399011229,1
2025-10-17 09:00:00,95650.82203698729,1
2025-10-17 10:00:00,95940.82203698729,1
2025-10-17 11:00:00,96159.82594323729,1
2025-10-17 12:00:00,96271.82301354979,1
2025-10-17 13:00:00,96171.82301354979,1
2025-10-20 09:00:00,95125.75346203611,0
2025-10-20 10:00:00,95125.75346203611,0
2025-10-20 11:00:00,95125.75346203611,0
2025-10-20 12:00:00,95125.75346203611,0
2025-10-20 13:00:00,95125.75346203611,0
2025-10-21 09:00:00,95125.75346203611,0
2025-10-21 10:00:00,95125.75346203611,0
2025-10-21 11:00:00,95125.75346203611,0
2025-10-21 12:00:00,95125.75346203611,0
2025-10-21 13:00:00,95125.75346203611,0
2025-10-22 09:00:00,95125.75346203611,0
2025-10-22 10:00:00,95125.75346203611,0
2025-10-22 11:00:00,95125.75346203611,0
2025-10-22 12:00:00,95125.75346203611,0
2025-10-22 13:00:00,95125.75346203611,0
2025-10-23 09:00:00,95125.75346203611,0
2025-10-23 10:00:00,95125.75346203611,0
2025-10-23 11:00:00,95125.75346203611,0
2025-10-23 12:00:00,95125.75346203611,0
2025-10-23 13:00:00,95125.75346203611,0
2025-10-24 09:00:00,95125.75346203611,0
2025-10-24 10:00:00,95125.75346203611,0
2025-10-24 11:00:00,95125.75346203611,0
2025-10-24 12:00:00,95125.75346203611,0
2025-10-24 13:00:00,95125.75346203611,0
2025-10-27 09:00:00,95125.75346203611,0
2025-10-27 10:00:00,95125.75346203611,0
2025-10-27 11:00:00,95125.75346203611,0
2025-10-27 12:00:00,95125.75346203611,0
2025-10-27 13:00:00,95125.75346203611,0
2025-10-28 09:00:00,95125.75346203611,0
2025-10-28 10:00:00,95125.75346203611,0
2025-10-28 11:00:00,95125.75346203611,0
2025-10-28 12:00:00,95125.75346203611,0
2025-10-28 13:00:00,95125.75346203611,0
2025-10-29 09:00:00,95125.75346203611,0
2025-10-29 10:00:00,95125.75346203611,0
2025-10-29 11:00:00,95125.75346203611,0
2025-10-29 12:00:00,95125.75346203611,0
2025-10-29 13:00:00,95125.75346203611,0
2025-10-30 09:00:00,95125.75346203611,0
2025-10-30 10:00:00,95125.75346203611,0
2025-10-30 11:00:00,95125.75346203611,0
2025-10-30 12:00:00,95125.75346203611,0
2025-10-30 13:00:00,95125.75346203611,0
2025-10-31 09:00:00,95125.75346203611,0
2025-10-31 10:00:00,95125.75346203611,0
2025-10-31 11:00:00,95125.75346203611,0
2025-10-31 12:00:00,95125.75346203611,0
2025-10-31 13:00:00,95125.75346203611,0
2025-11-03 09:00:00,95125.75346203611,0
2025-11-03 10:00:00,95125.75346203611,0
2025-11-03 11:00:00,95125.75346203611,0
2025-11-03 12:00:00,95125.75346203611,0
2025-11-03 13:00:00,95125.75346203611,0
2025-11-04 09:00:00,95125.75346203611,0
2025-11-04 10:00:00,95125.75346203611,0
2025-11-04 11:00:00,95125.75346203611,0
2025-11-04 12:00:00,95125.75346203611,0
2025-11-04 13:00:00,95125.75346203611,0
2025-11-05 09:00:00,95125.75346203611,0
2025-11-05 10:00:00,95125.75346203611,0
2025-11-05 11:00:00,95125.75346203611,0
2025-11-05 12:00:00,95125.75346203611,0
2025-11-05 13:00:00,95125.75346203611,0
2025-11-06 09:00:00,95125.75346203611,0
2025-11-06 10:00:00,95125.75346203611,0
2025-11-06 11:00:00,95125.75346203611,0
2025-11-06 12:00:00,95125.75346203611,0
2025-11-06 13:00:00,95125.75346203611,0
2025-11-07 09:00:00,95125.75346203611,0
2025-11-07 10:00:00,95125.75346203611,0
2025-11-07 11:00:00,95125.75346203611,0
2025-11-07 12:00:00,95125.75346203611,0
2025-11-07 13:00:00,95125.75346203611,0
2025-11-10 09:00:00,95125.75346203611,2
2025-11-10 10:00:00,95281.75932141111,2
2025-11-10 11:00:00,95357.75541516111,2
2025-11-10 12:00:00,95525.75346203611,2
2025-11-10 13:00:00,96129.75736828611,2
2025-11-11 09:00:00,98697.76518078611,2
2025-11-11 10:00:00,98765.75346203611,2
2025-11-11 11:00:00,99117.76518078611,2
2025-11-11 12:00:00,98965.75346203611,2
2025-11-11 13:00:00,98501.74955578611,2
2025-11-12 09:00:00,98505.75346203611,2
2025-11-12 10:00:00,98205.75346203611,2
2025-11-12 11:00:00,97717.76518078611,2
2025-11-12 12:00:00,97669.75736828611,2
2025-11-12 13:00:00,97429.75736828611,2
2025-11-13 09:00:00,100889.75736828611,2
2025-11-13 10:00:00,100777.76518078611,2
2025-11-13 11:00:00,101681.74955578611,2
2025-11-13 12:00:00,101593.76127453611,2
2025-11-13 13:00:00,101649.75736828611,2
2025-11-14 09:00:00,100729.75736828611,2
2025-11-14 10:00:00,101401.74955578611,2
2025-11-14 11:00:00,101317.76518078611,2
2025-11-14 12:00:00,101257.76518078611,2
2025-11-14 13:00:00,100721.74955578611,2
2025-11-17 09:00:00,96687.70931518552,0
2025-11-17 10:00:00,96687.70931518552,0
2025-11-17 11:00:00,96687.70931518552,0
2025-11-17 12:00:00,96687.70931518552,0
2025-11-17 13:00:00,96687.70931518552,0
2025-11-18 09:00:00,96687.70931518552,0
2025-11-18 10:00:00,96687.70931518552,0
2025-11-18 11:00:00,96687.70931518552,0
2025-11-18 12:00:00,96687.70931518552,0
2025-11-18 13:00:00,96687.70931518552,0
2025-11-19 09:00:00,96687.70931518552,0
2025-11-19 10:00:00,96687.70931518552,0
2025-11-19 11:00:00,96687.70931518552,0
2025-11-19 12:00:00,96687.70931518552,0
2025-11-19 13:00:00,96687.70931518552,0
2025-11-20 09:00:00,96687.70931518552,0
2025-11-20 10:00:00,96687.70931518552,0
2025-11-20 11:00:00,96687.70931518552,0
2025-11-20 12:00:00,96687.70931518552,0
2025-11-20 13:00:00,96687.70931518552,0
2025-11-21 09:00:00,96687.70931518552,0
2025-11-21 10:00:00,96687.70931518552,0
2025-11-21 11:00:00,96687.70931518552,0
2025-11-21 12:00:00,96687.70931518552,0
2025-11-21 13:00:00,96687.70931518552,0
2025-11-24 09:00:00,96687.70931518552,0
2025-11-24 10:00:00,96687.70931518552,0
2025-11-24 11:00:00,96687.70931518552,0
2025-11-24 12:00:00,96687.70931518552,0
2025-11-24 13:00:00,96687.70931518552,0
2025-11-25 09:00:00,96687.70931518552,1
2025-11-25 10:00:00,96840.70736206052,1
2025-11-25 11:00:00,96768.71029174802,1
2025-11-25 12:00:00,96755.70736206052,1
2025-11-25 13:00:00,96851.70833862302,1
2025-11-26 09:00:00,97197.70931518552,1
2025-11-26 10:00:00,97336.70833862302,1
2025-11-26 11:00:00,97379.71126831052,1
2025-11-26 12:00:00,97340.70736206052,1
2025-11-26 13:00:00,97338.71029174802,1
2025-11-27 09:00:00,97241.70833862302,1
2025-11-27 10:00:00,97141.70833862302,1
2025-11-27 11:00:00,97162.70931518552,1
2025-11-27 12:00:00,97194.71126831052,1
2025-12-01 09:00:00,98273.71029174802,1
2025-12-01 10:00:00,98145.70736206052,1
2025-12-01 11:00:00,98105.70736206052,1
2025-12-01 12:00:00,98172.70931518552,1
2025-12-01 13:00:00,98002.70931518552,1
2025-12-02 09:00:00,97878.71029174802,1
2025-12-02 10:00:00,97897.70931518552,1
2025-12-02 11:00:00,97844.71126831052,1
2025-12-02 12:00:00,97858.71029174802,1
2025-12-02 13:00:00,97932.70931518552,1
2025-12-03 09:00:00,97820.70736206052,1
2025-12-03 10:00:00,97948.71029174802,1
2025-12-03 11:00:00,97891.70833862302,1
2025-12-03 12:00:00,97893.71029174802,1
2025-12-03 13:00:00,97750.70736206052,1
2025-12-04 09:00:00,97752.70931518552,1
2025-12-04 10:00:00,97665.70736206052,1
2025-12-04 11:00:00,97611.70833862302,1
2025-12-04 12:00:00,97614.71126831052,1
2025-12-04 13:00:00,97465.65478710935,0
2025-12-05 09:00:00,97465.65478710935,0
2025-12-05 10:00:00,97465.65478710935,0
2025-12-05 11:00:00,97465.65478710935,0
2025-12-05 12:00:00,97465.65478710935,0
2025-12-05 13:00:00,97465.65478710935,0
2025-12-08 09:00:00,97465.65478710935,0
2025-12-08 10:00:00,97465.65478710935,0
2025-12-08 11:00:00,97465.65478710935,0
2025-12-08 12:00:00,97465.65478710935,0
2025-12-08 13:00:00,97465.65478710935,0
2025-12-09 09:00:00,97465.65478710935,0
2025-12-09 10:00:00,97465.65478710935,0
2025-12-09 11:00:00,97465.65478710935,0
2025-12-09 12:00:00,97465.65478710935,0
2025-12-09 13:00:00,97465.65478710935,0
2025-12-10 09:00:00,97465.65478710935,0
2025-12-10 10:00:00,97465.65478710935,0
2025-12-10 11:00:00,97465.65478710935,0
2025-12-10 12:00:00,97465.65478710935,0
2025-12-10 13:00:00,97465.65478710935,0
2025-12-11 09:00:00,97465.65478710935,2
2025-12-11 10:00:00,96773.64306835935,2
2025-12-11 11:00:00,96531.52858081053,0
2025-12-11 12:00:00,96531.52858081053,0
2025-12-11 13:00:00,96531.52858081053,0
2025-12-12 09:00:00,96531.52858081053,2
2025-12-12 10:00:00,96491.52858081053,2
2025-12-12 11:00:00,96499.51686206053,2
2025-12-12 12:00:00,96351.52858081053,2
2025-12-12 13:00:00,96839.51686206053,2
2025-12-15 09:00:00,98631.52858081053,2
2025-12-15 10:00:00,98779.51686206053,2
2025-12-15 11:00:00,98843.52076831053,2
2025-12-15 12:00:00,98803.52076831053,2
2025-12-15 13:00:00,99547.52467456053,2
2025-12-16 09:00:00,97899.51686206053,2
2025-12-16 10:00:00,97103.52076831053,2
2025-12-16 11:00:00,97135.53248706053,2
2025-12-16 12:00:00,97051.52858081053,2
2025-12-16 13:00:00,96833.36581835935,0
2025-12-17 09:00:00,96833.36581835935,0
2025-12-17 10:00:00,96833.36581835935,0
2025-12-17 11:00:00,96833.36581835935,0
2025-12-17 12:00:00,96833.36581835935,0
2025-12-17 13:00:00,96833.36581835935,0
2025-12-18 09:00:00,96833.36581835935,0
2025-12-18 10:00:00,96833.36581835935,0
2025-12-18 11:00:00,96833.36581835935,0
2025-12-18 12:00:00,96833.36581835935,0
2025-12-18 13:00:00,96833.36581835935,0
2025-12-19 09:00:00,96833.36581835935,0
2025-12-19 10:00:00,96833.36581835935,0
2025-12-19 11:00:00,96833.36581835935,0
2025-12-19 12:00:00,96833.36581835935,0
2025-12-19 13:00:00,96833.36581835935,0
2025-12-22 09:00:00,96833.36581835935,2
2025-12-22 10:00:00,96913.36581835935,2
2025-12-22 11:00:00,97213.36581835935,2
2025-12-22 12:00:00,97453.36581835935,2
2025-12-22 13:00:00,97549.36191210935,2
2025-12-23 09:00:00,100977.36972460935,2
2025-12-23 10:00:00,101229.36191210935,2
2025-12-23 11:00:00,101005.35800585935,2
2025-12-23 12:00:00,100777.36972460935,2
2025-12-23 13:00:00,100505.35800585935,2
2025-12-24 09:00:00,102093.36581835935,2
2025-12-24 10:00:00,100537.36972460935,2
2025-12-24 11:00:00,101053.36581835935,2
2025-12-24 12:00:00,101205.35800585935,2
2025-12-26 13:00:00,101829.36191210935,2
2025-12-29 09:00:00,101029.36191210935,2
2025-12-29 10:00:00,101677.36972460935,2
2025-12-29 11:00:00,101853.36581835935,2
2025-12-29 12:00:00,101753.36581835935,2
2025-12-29 13:00:00,101289.36191210935,2
2025-12-30 09:00:00,95187.1823745117,0
2025-12-30 10:00:00,95187.1823745117,0
2025-12-30 11:00:00,95187.1823745117,0
2025-12-30 12:00:00,95187.1823745117,0
2025-12-30 13:00:00,95187.1823745117,0
2025-12-31 09:00:00,95187.1823745117,0
2025-12-31 10:00:00,95187.1823745117,0
2025-12-31 11:00:00,95187.1823745117,0
2025-12-31 12:00:00,95187.1823745117,0
2025-12-31 13:00:00,95187.1823745117,0
2026-01-02 13:00:00,95187.1823745117,0
2026-01-05 09:00:00,95187.1823745117,0
2026-01-05 10:00:00,95187.1823745117,0
2026-01-05 11:00:00,95187.1823745117,0
2026-01-05 12:00:00,95187.1823745117,0
2026-01-05 13:00:00,95187.1823745117,0
2026-01-06 09:00:00,95187.1823745117,0
2026-01-06 10:00:00,95187.1823745117,0
2026-01-06 11:00:00,95187.1823745117,0
2026-01-06 12:00:00,95187.1823745117,0
2026-01-06 13:00:00,95187.1823745117,0
2026-01-07 09:00:00,95187.1823745117,0
2026-01-07 10:00:00,95187.1823745117,0
2026-01-07 11:00:00,95187.1823745117,0
2026-01-07 12:00:00,95187.1823745117,0
2026-01-07 13:00:00,95187.1823745117,0
2026-01-08 09:00:00,95187.1823745117,0
2026-01-08 10:00:00,95187.1823745117,0
2026-01-08 11:00:00,95187.1823745117,0
2026-01-08 12:00:00,95187.1823745117,0
2026-01-08 13:00:00,95187.1823745117,0
2026-01-09 09:00:00,95187.1823745117,0
2026-01-09 10:00:00,95187.1823745117,0
2026-01-09 11:00:00,95187.1823745117,0
2026-01-09 12:00:00,95187.1823745117,0
2026-01-09 13:00:00,95187.1823745117,0
2026-01-12 09:00:00,95187.1823745117,1
2026-01-12 10:00:00,95260.1804213867,1
2026-01-12 11:00:00,95192.1823745117,1
2026-01-12 12:00:00,95160.1804213867,1
2026-01-12 13:00:00,95279.1794448242,1
2026-01-13 09:00:00,95230.1804213867,1
2026-01-13 10:00:00,95397.1823745117,1
2026-01-13 11:00:00,95397.1823745117,1
2026-01-13 12:00:00,95430.1804213867,1
2026-01-13 13:00:00,95373.1833510742,1
2026-01-14 09:00:00,95633.1833510742,1
2026-01-14 10:00:00,95657.1823745117,1
2026-01-14 11:00:00,95731.1813979492,1
2026-01-14 12:00:00,95726.1813979492,1
2026-01-14 13:00:00,95629.1794448242,1
2026-01-15 09:00:00,95409.1794448242,1
2026-01-15 10:00:00,95435.1804213867,1
2026-01-15 11:00:00,95322.03334948729,0
2026-01-15 12:00:00,95322.03334948729,0
2026-01-15 13:00:00,95322.03334948729,0
2026-01-16 09:00:00,95322.03334948729,0
2026-01-16 10:00:00,95322.03334948729,0
2026-01-16 11:00:00,95322.03334948729,0
2026-01-16 12:00:00,95322.03334948729,0
2026-01-16 13:00:00,95322.03334948729,0
2026-01-19 12:00:00,95322.03334948729,1
2026-01-20 13:00:00,95816.03237292479,1
2026-01-21 09:00:00,96995.03139636229,1
2026-01-21 10:00:00,97004.03041979979,1
2026-01-21 11:00:00,97086.03237292479,1
2026-01-21 12:00:00,97285.03139636229,1
2026-01-21 13:00:00,97334.03041979979,1
2026-01-22 09:00:00,96602.03334948729,1
2026-01-22 10:00:00,96509.03041979979,1
2026-01-22 11:00:00,96584.03041979979,1
2026-01-22 12:00:00,96587.03334948729,1
2026-01-22 13:00:00,96828.02944323729,1
2026-01-23 09:00:00,98178.02944323729,1
2026-01-23 10:00:00,98187.03334948729,1
2026-01-23 11:00:00,98140.03139636229,1
2026-01-23 12:00:00,98190.03139636229,1
2026-01-23 13:00:00,98231.03237292479,1
2026-01-26 09:00:00,99298.02944323729,1
2026-01-26 10:00:00,99399.03041979979,1
2026-01-26 11:00:00,99349.03041979979,1
2026-01-26 12:00:00,99296.03237292479,1
2026-01-26 13:00:00,99331.03237292479,1
2026-01-27 09:00:00,99163.02944323729,1
2026-01-27 10:00:00,99284.03041979979,1
2026-01-27 11:00:00,99329.03041979979,1
2026-01-27 12:00:00,99221.03237292479,1
2026-01-27 13:00:00,99391.03237292479,1
2026-01-28 09:00:00,100605.03139636229,1
2026-01-28 10:00:00,100874.03041979979,1
2026-01-28 11:00:00,100902.03334948729,1
2026-01-28 12:00:00,101037.03334948729,1
2026-01-28 13:00:00,101149.03041979979,1
2026-01-29 09:00:00,104350.03139636229,1
2026-01-29 10:00:00,104267.03334948729,1
2026-01-29 11:00:00,104368.02944323729,1
2026-01-29 12:00:00,104508.02944323729,1
2026-01-29 13:00:00,104519.03041979979,1
2026-01-30 09:00:00,101921.70042443846,0
2026-01-30 10:00:00,101921.70042443846,0
2026-01-30 11:00:00,101921.70042443846,0
2026-01-30 12:00:00,101921.70042443846,0
2026-01-30 13:00:00,101921.70042443846,0
2026-02-03 09:00:00,101921.70042443846,0
2026-02-03 10:00:00,101921.70042443846,0
2026-02-03 11:00:00,101921.70042443846,0
2026-02-03 12:00:00,101921.70042443846,0
2026-02-03 13:00:00,101921.70042443846,0
2026-02-04 09:00:00,101921.70042443846,0
2026-02-04 10:00:00,101921.70042443846,0
2026-02-04 11:00:00,101921.70042443846,0
2026-02-04 12:00:00,101921.70042443846,0
2026-02-04 13:00:00,101921.70042443846,0
2026-02-05 09:00:00,101921.70042443846,0
2026-02-05 10:00:00,101921.70042443846,0
2026-02-05 11:00:00,101921.70042443846,0
2026-02-05 12:00:00,101921.70042443846,0
2026-02-05 13:00:00,101921.70042443846,0
2026-02-06 09:00:00,101921.70042443846,0
2026-02-06 10:00:00,101921.70042443846,0
2026-02-06 11:00:00,101921.70042443846,0
2026-02-06 12:00:00,101921.70042443846,0
2026-02-06 13:00:00,101921.70042443846,0
2026-02-09 09:00:00,101921.70042443846,0
2026-02-09 10:00:00,101921.70042443846,0
2026-02-09 11:00:00,101921.70042443846,0
2026-02-09 12:00:00,101921.70042443846,0
2026-02-09 13:00:00,101921.70042443846,0
2026-02-10 09:00:00,101921.70042443846,0
2026-02-10 10:00:00,101921.70042443846,0
2026-02-10 11:00:00,101921.70042443846,0
2026-02-10 12:00:00,101921.70042443846,0
2026-02-10 13:00:00,101921.70042443846,0
2026-02-11 09:00:00,101921.70042443846,0
2026-02-11 10:00:00,101921.70042443846,1
2026-02-11 11:00:00,101919.69847131346,1
2026-02-11 12:00:00,101861.70042443846,1
2026-02-11 13:00:00,101897.69651818846,1
2026-02-12 09:00:00,101977.69651818846,1
2026-02-12 10:00:00,101996.70042443846,1
2026-02-12 11:00:00,101911.70042443846,1
2026-02-12 12:00:00,102033.69749475096,1
2026-02-12 13:00:00,102092.69651818846,1
2026-02-13 09:00:00,101122.44656823728,0
2026-02-13 10:00:00,101122.44656823728,0
2026-02-13 11:00:00,101122.44656823728,0
2026-02-13 12:00:00,101122.44656823728,0
2026-02-13 13:00:00,101122.44656823728,0
2026-02-16 09:00:00,101122.44656823728,0
2026-02-16 10:00:00,101122.44656823728,0
2026-02-16 11:00:00,101122.44656823728,0
2026-02-16 12:00:00,101122.44656823728,0
2026-02-17 13:00:00,101122.44656823728,0
2026-02-18 09:00:00,101122.44656823728,0
2026-02-18 10:00:00,101122.44656823728,0
2026-02-18 11:00:00,101122.44656823728,0
2026-02-18 12:00:00,101122.44656823728,0
2026-02-18 13:00:00,101122.44656823728,0
2026-02-19 09:00:00,101122.44656823728,0
2026-02-19 10:00:00,101122.44656823728,0
2026-02-19 11:00:00,101122.44656823728,0
2026-02-19 12:00:00,101122.44656823728,0
2026-02-19 13:00:00,101122.44656823728,0
2026-02-20 09:00:00,101122.44656823728,0
2026-02-20 10:00:00,101122.44656823728,0
2026-02-20 11:00:00,101122.44656823728,0
2026-02-20 12:00:00,101122.44656823728,0
2026-02-20 13:00:00,101122.44656823728,0
2026-02-23 09:00:00,101122.44656823728,1
2026-02-23 10:00:00,101278.44754479978,1
2026-02-23 11:00:00,101212.44656823728,1
2026-02-23 12:00:00,101141.44559167478,1
2026-02-23 13:00:00,101127.44656823728,1
2026-02-24 09:00:00,101294.44852136228,1
2026-02-24 10:00:00,101418.44754479978,1
2026-02-24 11:00:00,101248.44754479978,1
2026-02-24 12:00:00,101212.44656823728,1
2026-02-24 13:00:00,101358.44754479978,1
2026-02-25 09:00:00,101279.44852136228,1
2026-02-25 10:00:00,101314.44852136228,1
2026-02-25 11:00:00,101334.44852136228,1
2026-02-25 12:00:00,101341.44559167478,1
2026-02-25 13:00:00,101540.44949792478,1
2026-02-26 09:00:00,101396.44559167478,1
2026-02-26 10:00:00,101324.44852136228,1
2026-02-26 11:00:00,101409.44852136228,1
2026-02-26 12:00:00,101415.44949792478,1
2026-02-26 13:00:00,101472.44656823728,1
2026-02-27 09:00:00,101430.44949792478,1
2026-02-27 10:00:00,101331.44559167478,1
2026-02-27 11:00:00,101340.44949792478,1
2026-02-27 12:00:00,101333.44754479978,1
2026-02-27 13:00:00,101475.44949792478,1
2026-03-02 09:00:00,102711.44559167478,1
2026-03-02 10:00:00,102916.44559167478,1
2026-03-02 11:00:00,103115.44949792478,1
2026-03-02 12:00:00,103026.44559167478,1
2026-03-02 13:00:00,103117.44656823728,1
2026-03-03 09:00:00,102857.44656823728,1
2026-03-03 10:00:00,103128.44754479978,1
2026-03-03 11:00:00,103140.44949792478,1
2026-03-03 12:00:00,103107.44656823728,1
2026-03-03 13:00:00,102647.44656823728,1
2026-03-04 09:00:00,101160.15357287595,0
2026-03-04 10:00:00,101160.15357287595,0
2026-03-04 11:00:00,101160.15357287595,0
2026-03-04 12:00:00,101160.15357287595,0
2026-03-04 13:00:00,101160.15357287595,0
2026-03-05 09:00:00,101160.15357287595,0
2026-03-05 10:00:00,101160.15357287595,0
2026-03-05 11:00:00,101160.15357287595,0
2026-03-05 12:00:00,101160.15357287595,0
2026-03-05 13:00:00,101160.15357287595,0
2026-03-06 09:00:00,101160.15357287595,0
2026-03-06 10:00:00,101160.15357287595,0
2026-03-06 11:00:00,101160.15357287595,0
2026-03-06 12:00:00,101160.15357287595,0
2026-03-06 13:00:00,101160.15357287595,0
2026-03-09 09:00:00,101160.15357287595,0
2026-03-09 10:00:00,101160.15357287595,0
2026-03-09 11:00:00,101160.15357287595,0
2026-03-09 12:00:00,101160.15357287595,0
2026-03-09 13:00:00,101160.15357287595,0
2026-03-10 09:00:00,101160.15357287595,0
2026-03-10 10:00:00,101160.15357287595,0
2026-03-10 11:00:00,101160.15357287595,0
2026-03-10 12:00:00,101160.15357287595,0
2026-03-10 13:00:00,101160.15357287595,0
2026-03-11 09:00:00,101160.15357287595,1
2026-03-11 10:00:00,101255.15357287595,1
2026-03-11 11:00:00,101112.15552600095,1
2026-03-11 12:00:00,101129.15259631345,1
2026-03-11 13:00:00,101077.15552600095,1
2026-03-12 09:00:00,100745.15357287595,1
2026-03-12 10:00:00,100561.15454943845,1
2026-03-12 11:00:00,100583.15650256345,1
2026-03-12 12:00:00,100469.86672290036,0
2026-03-12 13:00:00,100469.86672290036,0
2026-03-13 09:00:00,100469.86672290036,0
2026-03-13 10:00:00,100469.86672290036,0
2026-03-13 11:00:00,100469.86672290036,0
2026-03-13 12:00:00,100469.86672290036,0
2026-03-13 13:00:00,100469.86672290036,0
2026-03-16 09:00:00,100469.86672290036,0
2026-03-16 10:00:00,100469.86672290036,0
2026-03-16 11:00:00,100469.86672290036,0
2026-03-16 12:00:00,100469.86672290036,0
2026-03-16 13:00:00,100469.86672290036,0
2026-03-17 09:00:00,100469.86672290036,0
2026-03-17 10:00:00,100469.86672290036,0
2026-03-17 11:00:00,100469.86672290036,0
2026-03-17 12:00:00,100469.86672290036,0
2026-03-17 13:00:00,100469.86672290036,0
2026-03-18 09:00:00,100469.86672290036,0
2026-03-18 10:00:00,100469.86672290036,0
2026-03-18 11:00:00,100469.86672290036,0
2026-03-18 12:00:00,100469.86672290036,0
2026-03-18 13:00:00,100469.86672290036,0
2026-03-19 09:00:00,100469.86672290036,0
2026-03-19 10:00:00,100469.86672290036,0
2026-03-19 11:00:00,100469.86672290036,0
2026-03-19 12:00:00,100469.86672290036,0
2026-03-19 13:00:00,100469.86672290036,0
2026-03-20 09:00:00,100469.86672290036,0
2026-03-20 10:00:00,100469.86672290036,0
2026-03-20 11:00:00,100469.86672290036,0
2026-03-20 12:00:00,100469.86672290036,0
2026-03-20 13:00:00,100469.86672290036,0
2026-03-23 09:00:00,100469.86672290036,0
2026-03-23 10:00:00,100469.86672290036,0
2026-03-23 11:00:00,100469.86672290036,0
2026-03-23 12:00:00,100469.86672290036,0
2026-03-23 13:00:00,100469.86672290036,0
2026-03-24 09:00:00,100469.86672290036,0
2026-03-24 10:00:00,100469.86672290036,0
2026-03-24 11:00:00,100469.86672290036,0
2026-03-24 12:00:00,100469.86672290036,0
2026-03-24 13:00:00,100469.86672290036,0
2026-03-25 09:00:00,100469.86672290036,0
2026-03-25 10:00:00,100469.86672290036,0
2026-03-25 11:00:00,100469.86672290036,0
2026-03-25 12:00:00,100469.86672290036,0
2026-03-25 13:00:00,100469.86672290036,0
2026-03-26 09:00:00,100469.86672290036,0
2026-03-26 10:00:00,100469.86672290036,0
2026-03-26 11:00:00,100469.86672290036,0
2026-03-26 12:00:00,100469.86672290036,0
2026-03-26 13:00:00,100469.86672290036,0
2026-03-27 09:00:00,100469.86672290036,0
2026-03-27 10:00:00,100469.86672290036,0
2026-03-27 11:00:00,100469.86672290036,0
2026-03-27 12:00:00,100469.86672290036,0
2026-03-27 13:00:00,100469.86672290036,0
2026-03-30 09:00:00,100469.86672290036,0
2026-03-30 10:00:00,100469.86672290036,0
2026-03-30 11:00:00,100469.86672290036,0
2026-03-30 12:00:00,100469.86672290036,0
2026-03-30 13:00:00,100469.86672290036,0
2026-03-31 09:00:00,100469.86672290036,1
2026-03-31 10:00:00,100092.86476977536,1
2026-03-31 11:00:00,99963.86574633786,1
2026-03-31 12:00:00,100043.86574633786,1
2026-03-31 13:00:00,100084.86672290036,1
2026-04-01 09:00:00,101302.86476977536,1
2026-04-01 10:00:00,101225.86769946286,1
2026-04-01 11:00:00,101184.86672290036,1
2026-04-01 12:00:00,101141.86867602536,1
2026-04-01 13:00:00,101217.86476977536,1
2026-04-02 09:00:00,101352.86476977536,1
2026-04-02 10:00:00,101265.86769946286,1
2026-04-02 11:00:00,101185.86769946286,1
2026-04-02 12:00:00,101103.86574633786,1
2026-04-02 13:00:00,100330.71217443845,0
2026-04-06 09:00:00,100330.71217443845,0
2026-04-06 10:00:00,100330.71217443845,0
2026-04-06 11:00:00,100330.71217443845,0
2026-04-06 12:00:00,100330.71217443845,0
2026-04-06 13:00:00,100330.71217443845,0
2026-04-07 09:00:00,100330.71217443845,0
2026-04-07 10:00:00,100330.71217443845,0
2026-04-07 11:00:00,100330.71217443845,0
2026-04-07 12:00:00,100330.71217443845,0
2026-04-07 13:00:00,100330.71217443845,0
2026-04-08 09:00:00,100330.71217443845,1
2026-04-08 10:00:00,100278.71022131345,1
2026-04-08 11:00:00,100226.71315100095,1
2026-04-08 12:00:00,100271.71315100095,1
2026-04-08 13:00:00,100499.71119787595,1
2026-04-09 09:00:00,99451.52535095213,0
2026-04-09 10:00:00,99451.52535095213,0
2026-04-09 11:00:00,99451.52535095213,0
2026-04-09 12:00:00,99451.52535095213,0
2026-04-09 13:00:00,99451.52535095213,0
2026-04-10 09:00:00,99451.52535095213,0
2026-04-10 10:00:00,99451.52535095213,0
2026-04-10 11:00:00,99451.52535095213,0
2026-04-10 12:00:00,99451.52535095213,0
2026-04-10 13:00:00,99451.52535095213,0
2026-04-13 09:00:00,99451.52535095213,0
2026-04-13 10:00:00,99451.52535095213,0
2026-04-13 11:00:00,99451.52535095213,0
2026-04-13 12:00:00,99451.52535095213,0
2026-04-13 13:00:00,99451.52535095213,0
2026-04-14 09:00:00,99451.52535095213,0
2026-04-14 10:00:00,99451.52535095213,0
2026-04-14 11:00:00,99451.52535095213,0
2026-04-14 12:00:00,99451.52535095213,0
2026-04-14 13:00:00,99451.52535095213,0
2026-04-15 09:00:00,99451.52535095213,1
2026-04-15 10:00:00,99218.52730407713,1
2026-04-15 11:00:00,99237.52632751463,1
2026-04-15 12:00:00,99230.52437438963,1
2026-04-15 13:00:00,99174.52339782713,1
2026-04-16 09:00:00,99140.52437438963,1
2026-04-16 10:00:00,99162.52632751463,1
2026-04-16 11:00:00,99218.52730407713,1
2026-04-16 12:00:00,99298.52730407713,1
2026-04-16 13:00:00,99182.52632751463,1
2026-04-17 09:00:00,98838.3247540283,0
2026-04-17 10:00:00,98838.3247540283,0
2026-04-17 11:00:00,98838.3247540283,0
2026-04-17 12:00:00,98838.3247540283,0
2026-04-17 13:00:00,98838.3247540283,0
2026-04-20 09:00:00,98838.3247540283,0
2026-04-20 10:00:00,98838.3247540283,0
2026-04-21 09:00:00,98838.3247540283,0
2026-04-21 10:00:00,98838.3247540283,0
2026-04-21 11:00:00,98838.3247540283,0
2026-04-21 12:00:00,98838.3247540283,0
2026-04-21 13:00:00,98838.3247540283,0
2026-04-22 09:00:00,98838.3247540283,0
2026-04-22 10:00:00,98838.3247540283,0
2026-04-22 11:00:00,98838.3247540283,0
2026-04-22 12:00:00,98838.3247540283,0
2026-04-22 13:00:00,98838.3247540283,0
2026-04-23 09:00:00,98838.3247540283,0
2026-04-23 10:00:00,98838.3247540283,0
2026-04-23 11:00:00,98838.3247540283,0
2026-04-23 12:00:00,98838.3247540283,0
2026-04-23 13:00:00,98838.3247540283,0
2026-04-24 09:00:00,98838.3247540283,0
2026-04-24 10:00:00,98838.3247540283,0
2026-04-24 11:00:00,98838.3247540283,0
2026-04-24 12:00:00,98838.3247540283,0
2026-04-24 13:00:00,98838.3247540283,0
2026-04-27 09:00:00,98838.3247540283,0
2026-04-27 10:00:00,98838.3247540283,0
2026-04-27 11:00:00,98838.3247540283,0
2026-04-27 12:00:00,98838.3247540283,0
2026-04-27 13:00:00,98838.3247540283,0
2026-04-28 09:00:00,98838.3247540283,0
2026-04-28 10:00:00,98838.3247540283,0
2026-04-28 11:00:00,98838.3247540283,0
2026-04-28 12:00:00,98838.3247540283,0
2026-04-28 13:00:00,98838.3247540283,0
2026-04-29 09:00:00,98838.3247540283,0
2026-04-29 10:00:00,98838.3247540283,0
2026-04-29 11:00:00,98838.3247540283,0
2026-04-29 12:00:00,98838.3247540283,0
2026-04-29 13:00:00,98838.3247540283,0
2026-04-30 09:00:00,98838.3247540283,0
2026-04-30 10:00:00,98838.3247540283,0
2026-04-30 11:00:00,98838.3247540283,0
2026-04-30 12:00:00,98838.3247540283,0
2026-04-30 13:00:00,98838.3247540283,0
2026-05-01 09:00:00,98838.3247540283,0
2026-05-01 10:00:00,98838.3247540283,0
2026-05-01 11:00:00,98838.3247540283,0
2026-05-01 12:00:00,98838.3247540283,0
2026-05-01 13:00:00,98838.3247540283,0
